# sample forearm scan for TattooWarp demo/screenshots
v 0.3136 -1.0000 0.0000
v 0.3051 -1.0000 0.0607
v 0.2806 -1.0000 0.1162
v 0.2435 -1.0000 0.1627
v 0.1980 -1.0000 0.1980
v 0.1484 -1.0000 0.2221
v 0.0981 -1.0000 0.2367
v 0.0486 -1.0000 0.2442
v 0.0000 -1.0000 0.2464
v -0.0486 -1.0000 0.2442
v -0.0981 -1.0000 0.2367
v -0.1484 -1.0000 0.2221
v -0.1980 -1.0000 0.1980
v -0.2435 -1.0000 0.1627
v -0.2806 -1.0000 0.1162
v -0.3051 -1.0000 0.0607
v -0.3136 -1.0000 0.0000
v -0.3051 -1.0000 -0.0607
v -0.2806 -1.0000 -0.1162
v -0.2435 -1.0000 -0.1627
v -0.1980 -1.0000 -0.1980
v -0.1484 -1.0000 -0.2221
v -0.0981 -1.0000 -0.2367
v -0.0486 -1.0000 -0.2442
v -0.0000 -1.0000 -0.2464
v 0.0486 -1.0000 -0.2442
v 0.0981 -1.0000 -0.2367
v 0.1484 -1.0000 -0.2221
v 0.1980 -1.0000 -0.1980
v 0.2435 -1.0000 -0.1627
v 0.2806 -1.0000 -0.1162
v 0.3051 -1.0000 -0.0607
v 0.3172 -0.9688 0.0013
v 0.3086 -0.9688 0.0622
v 0.2841 -0.9688 0.1179
v 0.2469 -0.9688 0.1645
v 0.2012 -0.9688 0.1999
v 0.1515 -0.9688 0.2241
v 0.1010 -0.9688 0.2388
v 0.0514 -0.9688 0.2462
v 0.0026 -0.9688 0.2484
v -0.0461 -0.9688 0.2462
v -0.0957 -0.9688 0.2388
v -0.1462 -0.9688 0.2241
v -0.1959 -0.9688 0.1999
v -0.2416 -0.9688 0.1645
v -0.2788 -0.9688 0.1179
v -0.3033 -0.9688 0.0622
v -0.3119 -0.9688 0.0013
v -0.3033 -0.9688 -0.0595
v -0.2788 -0.9688 -0.1153
v -0.2416 -0.9688 -0.1619
v -0.1959 -0.9688 -0.1972
v -0.1462 -0.9688 -0.2215
v -0.0957 -0.9688 -0.2361
v -0.0461 -0.9688 -0.2436
v 0.0026 -0.9688 -0.2458
v 0.0514 -0.9688 -0.2436
v 0.1010 -0.9688 -0.2361
v 0.1515 -0.9688 -0.2215
v 0.2012 -0.9688 -0.1972
v 0.2469 -0.9688 -0.1619
v 0.2841 -0.9688 -0.1153
v 0.3086 -0.9688 -0.0595
v 0.3209 -0.9375 0.0026
v 0.3123 -0.9375 0.0637
v 0.2877 -0.9375 0.1196
v 0.2503 -0.9375 0.1664
v 0.2045 -0.9375 0.2019
v 0.1546 -0.9375 0.2262
v 0.1040 -0.9375 0.2409
v 0.0542 -0.9375 0.2483
v 0.0053 -0.9375 0.2506
v -0.0436 -0.9375 0.2483
v -0.0934 -0.9375 0.2409
v -0.1441 -0.9375 0.2262
v -0.1939 -0.9375 0.2019
v -0.2397 -0.9375 0.1664
v -0.2771 -0.9375 0.1196
v -0.3017 -0.9375 0.0637
v -0.3103 -0.9375 0.0026
v -0.3017 -0.9375 -0.0584
v -0.2771 -0.9375 -0.1143
v -0.2397 -0.9375 -0.1611
v -0.1939 -0.9375 -0.1966
v -0.1441 -0.9375 -0.2209
v -0.0934 -0.9375 -0.2356
v -0.0436 -0.9375 -0.2431
v 0.0053 -0.9375 -0.2453
v 0.0542 -0.9375 -0.2431
v 0.1040 -0.9375 -0.2356
v 0.1546 -0.9375 -0.2209
v 0.2045 -0.9375 -0.1966
v 0.2503 -0.9375 -0.1611
v 0.2877 -0.9375 -0.1143
v 0.3123 -0.9375 -0.0584
v 0.3246 -0.9063 0.0039
v 0.3160 -0.9063 0.0652
v 0.2913 -0.9063 0.1213
v 0.2538 -0.9063 0.1682
v 0.2079 -0.9063 0.2039
v 0.1578 -0.9063 0.2282
v 0.1069 -0.9063 0.2430
v 0.0570 -0.9063 0.2505
v 0.0079 -0.9063 0.2527
v -0.0411 -0.9063 0.2505
v -0.0911 -0.9063 0.2430
v -0.1420 -0.9063 0.2282
v -0.1920 -0.9063 0.2039
v -0.2380 -0.9063 0.1682
v -0.2755 -0.9063 0.1213
v -0.3002 -0.9063 0.0652
v -0.3088 -0.9063 0.0039
v -0.3002 -0.9063 -0.0574
v -0.2755 -0.9063 -0.1135
v -0.2380 -0.9063 -0.1604
v -0.1920 -0.9063 -0.1960
v -0.1420 -0.9063 -0.2204
v -0.0911 -0.9063 -0.2352
v -0.0411 -0.9063 -0.2427
v 0.0079 -0.9063 -0.2449
v 0.0570 -0.9063 -0.2427
v 0.1069 -0.9063 -0.2352
v 0.1578 -0.9063 -0.2204
v 0.2079 -0.9063 -0.1960
v 0.2538 -0.9063 -0.1604
v 0.2913 -0.9063 -0.1135
v 0.3160 -0.9063 -0.0574
v 0.3284 -0.8750 0.0052
v 0.3197 -0.8750 0.0667
v 0.2950 -0.8750 0.1230
v 0.2573 -0.8750 0.1701
v 0.2112 -0.8750 0.2058
v 0.1610 -0.8750 0.2303
v 0.1099 -0.8750 0.2451
v 0.0598 -0.8750 0.2526
v 0.0105 -0.8750 0.2549
v -0.0387 -0.8750 0.2526
v -0.0889 -0.8750 0.2451
v -0.1399 -0.8750 0.2303
v -0.1901 -0.8750 0.2058
v -0.2363 -0.8750 0.1701
v -0.2739 -0.8750 0.1230
v -0.2987 -0.8750 0.0667
v -0.3073 -0.8750 0.0052
v -0.2987 -0.8750 -0.0563
v -0.2739 -0.8750 -0.1127
v -0.2363 -0.8750 -0.1597
v -0.1901 -0.8750 -0.1955
v -0.1399 -0.8750 -0.2200
v -0.0889 -0.8750 -0.2348
v -0.0387 -0.8750 -0.2423
v 0.0105 -0.8750 -0.2446
v 0.0598 -0.8750 -0.2423
v 0.1099 -0.8750 -0.2348
v 0.1610 -0.8750 -0.2200
v 0.2112 -0.8750 -0.1955
v 0.2573 -0.8750 -0.1597
v 0.2950 -0.8750 -0.1127
v 0.3197 -0.8750 -0.0563
v 0.3321 -0.8438 0.0064
v 0.3235 -0.8438 0.0681
v 0.2986 -0.8438 0.1246
v 0.2608 -0.8438 0.1719
v 0.2145 -0.8438 0.2078
v 0.1641 -0.8438 0.2323
v 0.1129 -0.8438 0.2472
v 0.0625 -0.8438 0.2548
v 0.0131 -0.8438 0.2570
v -0.0363 -0.8438 0.2548
v -0.0866 -0.8438 0.2472
v -0.1379 -0.8438 0.2323
v -0.1883 -0.8438 0.2078
v -0.2346 -0.8438 0.1719
v -0.2724 -0.8438 0.1246
v -0.2972 -0.8438 0.0681
v -0.3059 -0.8438 0.0064
v -0.2972 -0.8438 -0.0554
v -0.2724 -0.8438 -0.1119
v -0.2346 -0.8438 -0.1592
v -0.1883 -0.8438 -0.1951
v -0.1379 -0.8438 -0.2196
v -0.0866 -0.8438 -0.2345
v -0.0363 -0.8438 -0.2420
v 0.0131 -0.8438 -0.2443
v 0.0625 -0.8438 -0.2420
v 0.1129 -0.8438 -0.2345
v 0.1641 -0.8438 -0.2196
v 0.2145 -0.8438 -0.1951
v 0.2608 -0.8438 -0.1592
v 0.2986 -0.8438 -0.1119
v 0.3235 -0.8438 -0.0554
v 0.3359 -0.8125 0.0075
v 0.3272 -0.8125 0.0695
v 0.3022 -0.8125 0.1262
v 0.2643 -0.8125 0.1736
v 0.2179 -0.8125 0.2097
v 0.1672 -0.8125 0.2343
v 0.1158 -0.8125 0.2492
v 0.0653 -0.8125 0.2568
v 0.0157 -0.8125 0.2591
v -0.0339 -0.8125 0.2568
v -0.0845 -0.8125 0.2492
v -0.1359 -0.8125 0.2343
v -0.1865 -0.8125 0.2097
v -0.2330 -0.8125 0.1736
v -0.2709 -0.8125 0.1262
v -0.2958 -0.8125 0.0695
v -0.3046 -0.8125 0.0075
v -0.2958 -0.8125 -0.0545
v -0.2709 -0.8125 -0.1112
v -0.2330 -0.8125 -0.1586
v -0.1865 -0.8125 -0.1947
v -0.1359 -0.8125 -0.2193
v -0.0845 -0.8125 -0.2342
v -0.0339 -0.8125 -0.2418
v 0.0157 -0.8125 -0.2441
v 0.0653 -0.8125 -0.2418
v 0.1158 -0.8125 -0.2342
v 0.1672 -0.8125 -0.2193
v 0.2179 -0.8125 -0.1947
v 0.2643 -0.8125 -0.1586
v 0.3022 -0.8125 -0.1112
v 0.3272 -0.8125 -0.0545
v 0.3396 -0.7813 0.0086
v 0.3309 -0.7813 0.0708
v 0.3059 -0.7813 0.1277
v 0.2678 -0.7813 0.1753
v 0.2211 -0.7813 0.2115
v 0.1703 -0.7813 0.2362
v 0.1187 -0.7813 0.2512
v 0.0680 -0.7813 0.2589
v 0.0182 -0.7813 0.2611
v -0.0316 -0.7813 0.2589
v -0.0823 -0.7813 0.2512
v -0.1339 -0.7813 0.2362
v -0.1848 -0.7813 0.2115
v -0.2314 -0.7813 0.1753
v -0.2695 -0.7813 0.1277
v -0.2945 -0.7813 0.0708
v -0.3033 -0.7813 0.0086
v -0.2945 -0.7813 -0.0536
v -0.2695 -0.7813 -0.1106
v -0.2314 -0.7813 -0.1582
v -0.1848 -0.7813 -0.1944
v -0.1339 -0.7813 -0.2191
v -0.0823 -0.7813 -0.2341
v -0.0316 -0.7813 -0.2417
v 0.0182 -0.7813 -0.2440
v 0.0680 -0.7813 -0.2417
v 0.1187 -0.7813 -0.2341
v 0.1703 -0.7813 -0.2191
v 0.2211 -0.7813 -0.1944
v 0.2678 -0.7813 -0.1582
v 0.3059 -0.7813 -0.1106
v 0.3309 -0.7813 -0.0536
v 0.3434 -0.7500 0.0095
v 0.3346 -0.7500 0.0720
v 0.3094 -0.7500 0.1292
v 0.2712 -0.7500 0.1770
v 0.2244 -0.7500 0.2133
v 0.1734 -0.7500 0.2381
v 0.1216 -0.7500 0.2531
v 0.0706 -0.7500 0.2608
v 0.0207 -0.7500 0.2631
v -0.0293 -0.7500 0.2608
v -0.0802 -0.7500 0.2531
v -0.1321 -0.7500 0.2381
v -0.1831 -0.7500 0.2133
v -0.2299 -0.7500 0.1770
v -0.2681 -0.7500 0.1292
v -0.2933 -0.7500 0.0720
v -0.3020 -0.7500 0.0095
v -0.2933 -0.7500 -0.0529
v -0.2681 -0.7500 -0.1101
v -0.2299 -0.7500 -0.1579
v -0.1831 -0.7500 -0.1942
v -0.1321 -0.7500 -0.2190
v -0.0802 -0.7500 -0.2341
v -0.0293 -0.7500 -0.2417
v 0.0207 -0.7500 -0.2440
v 0.0706 -0.7500 -0.2417
v 0.1216 -0.7500 -0.2341
v 0.1734 -0.7500 -0.2190
v 0.2244 -0.7500 -0.1942
v 0.2712 -0.7500 -0.1579
v 0.3094 -0.7500 -0.1101
v 0.3346 -0.7500 -0.0529
v 0.3470 -0.7188 0.0104
v 0.3382 -0.7188 0.0731
v 0.3130 -0.7188 0.1305
v 0.2746 -0.7188 0.1785
v 0.2276 -0.7188 0.2150
v 0.1764 -0.7188 0.2399
v 0.1244 -0.7188 0.2550
v 0.0733 -0.7188 0.2627
v 0.0231 -0.7188 0.2650
v -0.0271 -0.7188 0.2627
v -0.0782 -0.7188 0.2550
v -0.1302 -0.7188 0.2399
v -0.1814 -0.7188 0.2150
v -0.2285 -0.7188 0.1785
v -0.2668 -0.7188 0.1305
v -0.2921 -0.7188 0.0731
v -0.3009 -0.7188 0.0104
v -0.2921 -0.7188 -0.0522
v -0.2668 -0.7188 -0.1096
v -0.2285 -0.7188 -0.1576
v -0.1814 -0.7188 -0.1941
v -0.1302 -0.7188 -0.2190
v -0.0782 -0.7188 -0.2341
v -0.0271 -0.7188 -0.2418
v 0.0231 -0.7188 -0.2441
v 0.0733 -0.7188 -0.2418
v 0.1244 -0.7188 -0.2341
v 0.1764 -0.7188 -0.2190
v 0.2276 -0.7188 -0.1941
v 0.2746 -0.7188 -0.1576
v 0.3130 -0.7188 -0.1096
v 0.3382 -0.7188 -0.0522
v 0.3507 -0.6875 0.0112
v 0.3418 -0.6875 0.0742
v 0.3165 -0.6875 0.1318
v 0.2780 -0.6875 0.1800
v 0.2308 -0.6875 0.2166
v 0.1794 -0.6875 0.2416
v 0.1272 -0.6875 0.2567
v 0.0758 -0.6875 0.2645
v 0.0255 -0.6875 0.2668
v -0.0249 -0.6875 0.2645
v -0.0762 -0.6875 0.2567
v -0.1285 -0.6875 0.2416
v -0.1799 -0.6875 0.2166
v -0.2271 -0.6875 0.1800
v -0.2656 -0.6875 0.1318
v -0.2909 -0.6875 0.0742
v -0.2998 -0.6875 0.0112
v -0.2909 -0.6875 -0.0517
v -0.2656 -0.6875 -0.1093
v -0.2271 -0.6875 -0.1575
v -0.1799 -0.6875 -0.1941
v -0.1285 -0.6875 -0.2191
v -0.0762 -0.6875 -0.2343
v -0.0249 -0.6875 -0.2420
v 0.0255 -0.6875 -0.2443
v 0.0758 -0.6875 -0.2420
v 0.1272 -0.6875 -0.2343
v 0.1794 -0.6875 -0.2191
v 0.2308 -0.6875 -0.1941
v 0.2780 -0.6875 -0.1575
v 0.3165 -0.6875 -0.1093
v 0.3418 -0.6875 -0.0517
v 0.3543 -0.6563 0.0119
v 0.3454 -0.6563 0.0751
v 0.3200 -0.6563 0.1329
v 0.2813 -0.6563 0.1813
v 0.2339 -0.6563 0.2180
v 0.1823 -0.6563 0.2432
v 0.1299 -0.6563 0.2584
v 0.0783 -0.6563 0.2661
v 0.0278 -0.6563 0.2685
v -0.0228 -0.6563 0.2661
v -0.0743 -0.6563 0.2584
v -0.1268 -0.6563 0.2432
v -0.1784 -0.6563 0.2180
v -0.2258 -0.6563 0.1813
v -0.2644 -0.6563 0.1329
v -0.2899 -0.6563 0.0751
v -0.2988 -0.6563 0.0119
v -0.2899 -0.6563 -0.0513
v -0.2644 -0.6563 -0.1091
v -0.2258 -0.6563 -0.1575
v -0.1784 -0.6563 -0.1942
v -0.1268 -0.6563 -0.2194
v -0.0743 -0.6563 -0.2346
v -0.0228 -0.6563 -0.2423
v 0.0278 -0.6563 -0.2446
v 0.0783 -0.6563 -0.2423
v 0.1299 -0.6563 -0.2346
v 0.1823 -0.6563 -0.2194
v 0.2339 -0.6563 -0.1942
v 0.2813 -0.6563 -0.1575
v 0.3200 -0.6563 -0.1091
v 0.3454 -0.6563 -0.0513
v 0.3578 -0.6250 0.0125
v 0.3489 -0.6250 0.0759
v 0.3234 -0.6250 0.1340
v 0.2845 -0.6250 0.1825
v 0.2370 -0.6250 0.2194
v 0.1851 -0.6250 0.2447
v 0.1325 -0.6250 0.2599
v 0.0808 -0.6250 0.2677
v 0.0300 -0.6250 0.2700
v -0.0208 -0.6250 0.2677
v -0.0725 -0.6250 0.2599
v -0.1251 -0.6250 0.2447
v -0.1770 -0.6250 0.2194
v -0.2245 -0.6250 0.1825
v -0.2634 -0.6250 0.1340
v -0.2889 -0.6250 0.0759
v -0.2978 -0.6250 0.0125
v -0.2889 -0.6250 -0.0510
v -0.2634 -0.6250 -0.1090
v -0.2245 -0.6250 -0.1576
v -0.1770 -0.6250 -0.1945
v -0.1251 -0.6250 -0.2197
v -0.0725 -0.6250 -0.2350
v -0.0208 -0.6250 -0.2428
v 0.0300 -0.6250 -0.2451
v 0.0808 -0.6250 -0.2428
v 0.1325 -0.6250 -0.2350
v 0.1851 -0.6250 -0.2197
v 0.2370 -0.6250 -0.1945
v 0.2845 -0.6250 -0.1576
v 0.3234 -0.6250 -0.1090
v 0.3489 -0.6250 -0.0510
v 0.3613 -0.5938 0.0129
v 0.3523 -0.5938 0.0766
v 0.3267 -0.5938 0.1349
v 0.2877 -0.5938 0.1837
v 0.2400 -0.5938 0.2207
v 0.1879 -0.5938 0.2460
v 0.1351 -0.5938 0.2614
v 0.0831 -0.5938 0.2692
v 0.0322 -0.5938 0.2715
v -0.0188 -0.5938 0.2692
v -0.0707 -0.5938 0.2614
v -0.1236 -0.5938 0.2460
v -0.1756 -0.5938 0.2207
v -0.2234 -0.5938 0.1837
v -0.2624 -0.5938 0.1349
v -0.2880 -0.5938 0.0766
v -0.2970 -0.5938 0.0129
v -0.2880 -0.5938 -0.0508
v -0.2624 -0.5938 -0.1091
v -0.2234 -0.5938 -0.1578
v -0.1756 -0.5938 -0.1949
v -0.1236 -0.5938 -0.2202
v -0.0707 -0.5938 -0.2355
v -0.0188 -0.5938 -0.2433
v 0.0322 -0.5938 -0.2457
v 0.0831 -0.5938 -0.2433
v 0.1351 -0.5938 -0.2355
v 0.1879 -0.5938 -0.2202
v 0.2400 -0.5938 -0.1949
v 0.2877 -0.5938 -0.1578
v 0.3267 -0.5938 -0.1091
v 0.3523 -0.5938 -0.0508
v 0.3647 -0.5625 0.0132
v 0.3557 -0.5625 0.0772
v 0.3300 -0.5625 0.1357
v 0.2908 -0.5625 0.1847
v 0.2429 -0.5625 0.2219
v 0.1906 -0.5625 0.2473
v 0.1376 -0.5625 0.2627
v 0.0854 -0.5625 0.2705
v 0.0343 -0.5625 0.2729
v -0.0169 -0.5625 0.2705
v -0.0691 -0.5625 0.2627
v -0.1221 -0.5625 0.2473
v -0.1744 -0.5625 0.2219
v -0.2223 -0.5625 0.1847
v -0.2614 -0.5625 0.1357
v -0.2872 -0.5625 0.0772
v -0.2962 -0.5625 0.0132
v -0.2872 -0.5625 -0.0507
v -0.2614 -0.5625 -0.1092
v -0.2223 -0.5625 -0.1582
v -0.1744 -0.5625 -0.1954
v -0.1221 -0.5625 -0.2208
v -0.0691 -0.5625 -0.2362
v -0.0169 -0.5625 -0.2440
v 0.0343 -0.5625 -0.2464
v 0.0854 -0.5625 -0.2440
v 0.1376 -0.5625 -0.2362
v 0.1906 -0.5625 -0.2208
v 0.2429 -0.5625 -0.1954
v 0.2908 -0.5625 -0.1582
v 0.3300 -0.5625 -0.1092
v 0.3557 -0.5625 -0.0507
v 0.3680 -0.5313 0.0134
v 0.3590 -0.5313 0.0776
v 0.3332 -0.5313 0.1364
v 0.2939 -0.5313 0.1856
v 0.2457 -0.5313 0.2229
v 0.1933 -0.5313 0.2484
v 0.1400 -0.5313 0.2639
v 0.0876 -0.5313 0.2718
v 0.0363 -0.5313 0.2741
v -0.0151 -0.5313 0.2718
v -0.0675 -0.5313 0.2639
v -0.1207 -0.5313 0.2484
v -0.1732 -0.5313 0.2229
v -0.2213 -0.5313 0.1856
v -0.2606 -0.5313 0.1364
v -0.2865 -0.5313 0.0776
v -0.2955 -0.5313 0.0134
v -0.2865 -0.5313 -0.0508
v -0.2606 -0.5313 -0.1095
v -0.2213 -0.5313 -0.1587
v -0.1732 -0.5313 -0.1960
v -0.1207 -0.5313 -0.2216
v -0.0675 -0.5313 -0.2370
v -0.0151 -0.5313 -0.2449
v 0.0363 -0.5313 -0.2472
v 0.0876 -0.5313 -0.2449
v 0.1400 -0.5313 -0.2370
v 0.1933 -0.5313 -0.2216
v 0.2457 -0.5313 -0.1960
v 0.2939 -0.5313 -0.1587
v 0.3332 -0.5313 -0.1095
v 0.3590 -0.5313 -0.0508
v 0.3713 -0.5000 0.0135
v 0.3622 -0.5000 0.0780
v 0.3363 -0.5000 0.1370
v 0.2968 -0.5000 0.1863
v 0.2485 -0.5000 0.2238
v 0.1958 -0.5000 0.2494
v 0.1423 -0.5000 0.2650
v 0.0898 -0.5000 0.2729
v 0.0382 -0.5000 0.2752
v -0.0134 -0.5000 0.2729
v -0.0660 -0.5000 0.2650
v -0.1195 -0.5000 0.2494
v -0.1721 -0.5000 0.2238
v -0.2205 -0.5000 0.1863
v -0.2599 -0.5000 0.1370
v -0.2859 -0.5000 0.0780
v -0.2949 -0.5000 0.0135
v -0.2859 -0.5000 -0.0510
v -0.2599 -0.5000 -0.1100
v -0.2205 -0.5000 -0.1593
v -0.1721 -0.5000 -0.1968
v -0.1195 -0.5000 -0.2224
v -0.0660 -0.5000 -0.2380
v -0.0134 -0.5000 -0.2459
v 0.0382 -0.5000 -0.2482
v 0.0898 -0.5000 -0.2459
v 0.1423 -0.5000 -0.2380
v 0.1958 -0.5000 -0.2224
v 0.2485 -0.5000 -0.1968
v 0.2968 -0.5000 -0.1593
v 0.3363 -0.5000 -0.1100
v 0.3622 -0.5000 -0.0510
v 0.3745 -0.4688 0.0134
v 0.3654 -0.4688 0.0781
v 0.3393 -0.4688 0.1374
v 0.2997 -0.4688 0.1870
v 0.2512 -0.4688 0.2246
v 0.1983 -0.4688 0.2503
v 0.1446 -0.4688 0.2659
v 0.0918 -0.4688 0.2738
v 0.0400 -0.4688 0.2762
v -0.0118 -0.4688 0.2738
v -0.0646 -0.4688 0.2659
v -0.1183 -0.4688 0.2503
v -0.1711 -0.4688 0.2246
v -0.2197 -0.4688 0.1870
v -0.2593 -0.4688 0.1374
v -0.2853 -0.4688 0.0781
v -0.2944 -0.4688 0.0134
v -0.2853 -0.4688 -0.0513
v -0.2593 -0.4688 -0.1105
v -0.2197 -0.4688 -0.1601
v -0.1711 -0.4688 -0.1977
v -0.1183 -0.4688 -0.2234
v -0.0646 -0.4688 -0.2390
v -0.0118 -0.4688 -0.2470
v 0.0400 -0.4688 -0.2493
v 0.0918 -0.4688 -0.2470
v 0.1446 -0.4688 -0.2390
v 0.1983 -0.4688 -0.2234
v 0.2512 -0.4688 -0.1977
v 0.2997 -0.4688 -0.1601
v 0.3393 -0.4688 -0.1105
v 0.3654 -0.4688 -0.0513
v 0.3775 -0.4375 0.0132
v 0.3684 -0.4375 0.0782
v 0.3422 -0.4375 0.1377
v 0.3025 -0.4375 0.1875
v 0.2537 -0.4375 0.2252
v 0.2007 -0.4375 0.2511
v 0.1467 -0.4375 0.2667
v 0.0937 -0.4375 0.2747
v 0.0417 -0.4375 0.2771
v -0.0103 -0.4375 0.2747
v -0.0633 -0.4375 0.2667
v -0.1172 -0.4375 0.2511
v -0.1703 -0.4375 0.2252
v -0.2190 -0.4375 0.1875
v -0.2588 -0.4375 0.1377
v -0.2849 -0.4375 0.0782
v -0.2941 -0.4375 0.0132
v -0.2849 -0.4375 -0.0517
v -0.2588 -0.4375 -0.1112
v -0.2190 -0.4375 -0.1610
v -0.1703 -0.4375 -0.1988
v -0.1172 -0.4375 -0.2246
v -0.0633 -0.4375 -0.2403
v -0.0103 -0.4375 -0.2482
v 0.0417 -0.4375 -0.2506
v 0.0937 -0.4375 -0.2482
v 0.1467 -0.4375 -0.2403
v 0.2007 -0.4375 -0.2246
v 0.2537 -0.4375 -0.1988
v 0.3025 -0.4375 -0.1610
v 0.3422 -0.4375 -0.1112
v 0.3684 -0.4375 -0.0517
v 0.3805 -0.4063 0.0129
v 0.3714 -0.4063 0.0782
v 0.3451 -0.4063 0.1379
v 0.3052 -0.4063 0.1878
v 0.2562 -0.4063 0.2258
v 0.2029 -0.4063 0.2517
v 0.1488 -0.4063 0.2674
v 0.0956 -0.4063 0.2754
v 0.0434 -0.4063 0.2778
v -0.0088 -0.4063 0.2754
v -0.0621 -0.4063 0.2674
v -0.1162 -0.4063 0.2517
v -0.1695 -0.4063 0.2258
v -0.2184 -0.4063 0.1878
v -0.2583 -0.4063 0.1379
v -0.2846 -0.4063 0.0782
v -0.2938 -0.4063 0.0129
v -0.2846 -0.4063 -0.0523
v -0.2583 -0.4063 -0.1121
v -0.2184 -0.4063 -0.1620
v -0.1695 -0.4063 -0.1999
v -0.1162 -0.4063 -0.2259
v -0.0621 -0.4063 -0.2416
v -0.0088 -0.4063 -0.2496
v 0.0434 -0.4063 -0.2520
v 0.0956 -0.4063 -0.2496
v 0.1488 -0.4063 -0.2416
v 0.2029 -0.4063 -0.2259
v 0.2562 -0.4063 -0.1999
v 0.3052 -0.4063 -0.1620
v 0.3451 -0.4063 -0.1121
v 0.3714 -0.4063 -0.0523
v 0.3834 -0.3750 0.0125
v 0.3742 -0.3750 0.0780
v 0.3478 -0.3750 0.1380
v 0.3078 -0.3750 0.1881
v 0.2586 -0.3750 0.2262
v 0.2051 -0.3750 0.2522
v 0.1508 -0.3750 0.2680
v 0.0973 -0.3750 0.2761
v 0.0449 -0.3750 0.2785
v -0.0075 -0.3750 0.2761
v -0.0610 -0.3750 0.2680
v -0.1153 -0.3750 0.2522
v -0.1688 -0.3750 0.2262
v -0.2180 -0.3750 0.1881
v -0.2580 -0.3750 0.1380
v -0.2844 -0.3750 0.0780
v -0.2936 -0.3750 0.0125
v -0.2844 -0.3750 -0.0530
v -0.2580 -0.3750 -0.1130
v -0.2180 -0.3750 -0.1632
v -0.1688 -0.3750 -0.2013
v -0.1153 -0.3750 -0.2273
v -0.0610 -0.3750 -0.2431
v -0.0075 -0.3750 -0.2511
v 0.0449 -0.3750 -0.2535
v 0.0973 -0.3750 -0.2511
v 0.1508 -0.3750 -0.2431
v 0.2051 -0.3750 -0.2273
v 0.2586 -0.3750 -0.2013
v 0.3078 -0.3750 -0.1632
v 0.3478 -0.3750 -0.1130
v 0.3742 -0.3750 -0.0530
v 0.3862 -0.3438 0.0119
v 0.3770 -0.3438 0.0777
v 0.3505 -0.3438 0.1379
v 0.3102 -0.3438 0.1883
v 0.2609 -0.3438 0.2265
v 0.2072 -0.3438 0.2527
v 0.1526 -0.3438 0.2685
v 0.0990 -0.3438 0.2766
v 0.0463 -0.3438 0.2790
v -0.0063 -0.3438 0.2766
v -0.0600 -0.3438 0.2685
v -0.1145 -0.3438 0.2527
v -0.1683 -0.3438 0.2265
v -0.2176 -0.3438 0.1883
v -0.2579 -0.3438 0.1379
v -0.2843 -0.3438 0.0777
v -0.2936 -0.3438 0.0119
v -0.2843 -0.3438 -0.0539
v -0.2579 -0.3438 -0.1141
v -0.2176 -0.3438 -0.1644
v -0.1683 -0.3438 -0.2027
v -0.1145 -0.3438 -0.2288
v -0.0600 -0.3438 -0.2447
v -0.0063 -0.3438 -0.2527
v 0.0463 -0.3438 -0.2552
v 0.0990 -0.3438 -0.2527
v 0.1526 -0.3438 -0.2447
v 0.2072 -0.3438 -0.2288
v 0.2609 -0.3438 -0.2027
v 0.3102 -0.3438 -0.1644
v 0.3505 -0.3438 -0.1141
v 0.3770 -0.3438 -0.0539
v 0.3889 -0.3125 0.0112
v 0.3796 -0.3125 0.0773
v 0.3530 -0.3125 0.1377
v 0.3126 -0.3125 0.1883
v 0.2631 -0.3125 0.2267
v 0.2091 -0.3125 0.2530
v 0.1543 -0.3125 0.2689
v 0.1005 -0.3125 0.2770
v 0.0476 -0.3125 0.2794
v -0.0052 -0.3125 0.2770
v -0.0591 -0.3125 0.2689
v -0.1139 -0.3125 0.2530
v -0.1678 -0.3125 0.2267
v -0.2174 -0.3125 0.1883
v -0.2578 -0.3125 0.1377
v -0.2844 -0.3125 0.0773
v -0.2937 -0.3125 0.0112
v -0.2844 -0.3125 -0.0548
v -0.2578 -0.3125 -0.1153
v -0.2174 -0.3125 -0.1658
v -0.1678 -0.3125 -0.2042
v -0.1139 -0.3125 -0.2305
v -0.0591 -0.3125 -0.2464
v -0.0052 -0.3125 -0.2545
v 0.0476 -0.3125 -0.2569
v 0.1005 -0.3125 -0.2545
v 0.1543 -0.3125 -0.2464
v 0.2091 -0.3125 -0.2305
v 0.2631 -0.3125 -0.2042
v 0.3126 -0.3125 -0.1658
v 0.3530 -0.3125 -0.1153
v 0.3796 -0.3125 -0.0548
v 0.3915 -0.2813 0.0104
v 0.3822 -0.2813 0.0767
v 0.3555 -0.2813 0.1375
v 0.3149 -0.2813 0.1882
v 0.2652 -0.2813 0.2268
v 0.2110 -0.2813 0.2531
v 0.1560 -0.2813 0.2691
v 0.1019 -0.2813 0.2772
v 0.0488 -0.2813 0.2797
v -0.0043 -0.2813 0.2772
v -0.0583 -0.2813 0.2691
v -0.1134 -0.2813 0.2531
v -0.1675 -0.2813 0.2268
v -0.2173 -0.2813 0.1882
v -0.2578 -0.2813 0.1375
v -0.2845 -0.2813 0.0767
v -0.2939 -0.2813 0.0104
v -0.2845 -0.2813 -0.0559
v -0.2578 -0.2813 -0.1166
v -0.2173 -0.2813 -0.1673
v -0.1675 -0.2813 -0.2059
v -0.1134 -0.2813 -0.2323
v -0.0583 -0.2813 -0.2482
v -0.0043 -0.2813 -0.2564
v 0.0488 -0.2813 -0.2588
v 0.1019 -0.2813 -0.2564
v 0.1560 -0.2813 -0.2482
v 0.2110 -0.2813 -0.2323
v 0.2652 -0.2813 -0.2059
v 0.3149 -0.2813 -0.1673
v 0.3555 -0.2813 -0.1166
v 0.3822 -0.2813 -0.0559
v 0.3940 -0.2500 0.0095
v 0.3846 -0.2500 0.0761
v 0.3578 -0.2500 0.1371
v 0.3170 -0.2500 0.1881
v 0.2671 -0.2500 0.2268
v 0.2127 -0.2500 0.2532
v 0.1575 -0.2500 0.2693
v 0.1032 -0.2500 0.2774
v 0.0499 -0.2500 0.2799
v -0.0034 -0.2500 0.2774
v -0.0577 -0.2500 0.2693
v -0.1129 -0.2500 0.2532
v -0.1673 -0.2500 0.2268
v -0.2173 -0.2500 0.1881
v -0.2580 -0.2500 0.1371
v -0.2848 -0.2500 0.0761
v -0.2942 -0.2500 0.0095
v -0.2848 -0.2500 -0.0570
v -0.2580 -0.2500 -0.1180
v -0.2173 -0.2500 -0.1690
v -0.1673 -0.2500 -0.2077
v -0.1129 -0.2500 -0.2341
v -0.0577 -0.2500 -0.2502
v -0.0034 -0.2500 -0.2583
v 0.0499 -0.2500 -0.2608
v 0.1032 -0.2500 -0.2583
v 0.1575 -0.2500 -0.2502
v 0.2127 -0.2500 -0.2341
v 0.2671 -0.2500 -0.2077
v 0.3170 -0.2500 -0.1690
v 0.3578 -0.2500 -0.1180
v 0.3846 -0.2500 -0.0570
v 0.3963 -0.2188 0.0086
v 0.3869 -0.2188 0.0754
v 0.3600 -0.2188 0.1366
v 0.3191 -0.2188 0.1878
v 0.2689 -0.2188 0.2267
v 0.2143 -0.2188 0.2533
v 0.1589 -0.2188 0.2694
v 0.1043 -0.2188 0.2775
v 0.0508 -0.2188 0.2800
v -0.0027 -0.2188 0.2775
v -0.0572 -0.2188 0.2694
v -0.1127 -0.2188 0.2533
v -0.1673 -0.2188 0.2267
v -0.2174 -0.2188 0.1878
v -0.2583 -0.2188 0.1366
v -0.2852 -0.2188 0.0754
v -0.2946 -0.2188 0.0086
v -0.2852 -0.2188 -0.0583
v -0.2583 -0.2188 -0.1195
v -0.2174 -0.2188 -0.1707
v -0.1673 -0.2188 -0.2095
v -0.1127 -0.2188 -0.2361
v -0.0572 -0.2188 -0.2522
v -0.0027 -0.2188 -0.2604
v 0.0508 -0.2188 -0.2629
v 0.1043 -0.2188 -0.2604
v 0.1589 -0.2188 -0.2522
v 0.2143 -0.2188 -0.2361
v 0.2689 -0.2188 -0.2095
v 0.3191 -0.2188 -0.1707
v 0.3600 -0.2188 -0.1195
v 0.3869 -0.2188 -0.0583
v 0.3985 -0.1875 0.0075
v 0.3891 -0.1875 0.0746
v 0.3621 -0.1875 0.1361
v 0.3210 -0.1875 0.1875
v 0.2707 -0.1875 0.2265
v 0.2158 -0.1875 0.2532
v 0.1601 -0.1875 0.2693
v 0.1054 -0.1875 0.2776
v 0.0517 -0.1875 0.2800
v -0.0020 -0.1875 0.2776
v -0.0568 -0.1875 0.2693
v -0.1125 -0.1875 0.2532
v -0.1673 -0.1875 0.2265
v -0.2177 -0.1875 0.1875
v -0.2587 -0.1875 0.1361
v -0.2858 -0.1875 0.0746
v -0.2952 -0.1875 0.0075
v -0.2858 -0.1875 -0.0596
v -0.2587 -0.1875 -0.1211
v -0.2177 -0.1875 -0.1725
v -0.1673 -0.1875 -0.2115
v -0.1125 -0.1875 -0.2382
v -0.0568 -0.1875 -0.2543
v -0.0020 -0.1875 -0.2626
v 0.0517 -0.1875 -0.2650
v 0.1054 -0.1875 -0.2626
v 0.1601 -0.1875 -0.2543
v 0.2158 -0.1875 -0.2382
v 0.2707 -0.1875 -0.2115
v 0.3210 -0.1875 -0.1725
v 0.3621 -0.1875 -0.1211
v 0.3891 -0.1875 -0.0596
v 0.4007 -0.1563 0.0064
v 0.3912 -0.1563 0.0738
v 0.3640 -0.1563 0.1355
v 0.3228 -0.1563 0.1871
v 0.2723 -0.1563 0.2262
v 0.2172 -0.1563 0.2530
v 0.1613 -0.1563 0.2693
v 0.1063 -0.1563 0.2775
v 0.0524 -0.1563 0.2800
v -0.0016 -0.1563 0.2775
v -0.0565 -0.1563 0.2693
v -0.1124 -0.1563 0.2530
v -0.1675 -0.1563 0.2262
v -0.2180 -0.1563 0.1871
v -0.2593 -0.1563 0.1355
v -0.2864 -0.1563 0.0738
v -0.2959 -0.1563 0.0064
v -0.2864 -0.1563 -0.0610
v -0.2593 -0.1563 -0.1227
v -0.2180 -0.1563 -0.1743
v -0.1675 -0.1563 -0.2135
v -0.1124 -0.1563 -0.2403
v -0.0565 -0.1563 -0.2565
v -0.0016 -0.1563 -0.2648
v 0.0524 -0.1563 -0.2673
v 0.1063 -0.1563 -0.2648
v 0.1613 -0.1563 -0.2565
v 0.2172 -0.1563 -0.2403
v 0.2723 -0.1563 -0.2135
v 0.3228 -0.1563 -0.1743
v 0.3640 -0.1563 -0.1227
v 0.3912 -0.1563 -0.0610
v 0.4027 -0.1250 0.0052
v 0.3931 -0.1250 0.0728
v 0.3659 -0.1250 0.1348
v 0.3245 -0.1250 0.1866
v 0.2737 -0.1250 0.2259
v 0.2185 -0.1250 0.2528
v 0.1623 -0.1250 0.2691
v 0.1071 -0.1250 0.2774
v 0.0530 -0.1250 0.2799
v -0.0012 -0.1250 0.2774
v -0.0564 -0.1250 0.2691
v -0.1125 -0.1250 0.2528
v -0.1678 -0.1250 0.2259
v -0.2186 -0.1250 0.1866
v -0.2600 -0.1250 0.1348
v -0.2872 -0.1250 0.0728
v -0.2967 -0.1250 0.0052
v -0.2872 -0.1250 -0.0625
v -0.2600 -0.1250 -0.1245
v -0.2186 -0.1250 -0.1763
v -0.1678 -0.1250 -0.2156
v -0.1125 -0.1250 -0.2425
v -0.0564 -0.1250 -0.2588
v -0.0012 -0.1250 -0.2671
v 0.0530 -0.1250 -0.2696
v 0.1071 -0.1250 -0.2671
v 0.1623 -0.1250 -0.2588
v 0.2185 -0.1250 -0.2425
v 0.2737 -0.1250 -0.2156
v 0.3245 -0.1250 -0.1763
v 0.3659 -0.1250 -0.1245
v 0.3931 -0.1250 -0.0625
v 0.4045 -0.0938 0.0039
v 0.3950 -0.0938 0.0719
v 0.3676 -0.0938 0.1341
v 0.3260 -0.0938 0.1861
v 0.2751 -0.0938 0.2256
v 0.2196 -0.0938 0.2526
v 0.1632 -0.0938 0.2690
v 0.1078 -0.0938 0.2773
v 0.0534 -0.0938 0.2798
v -0.0010 -0.0938 0.2773
v -0.0564 -0.0938 0.2690
v -0.1128 -0.0938 0.2526
v -0.1683 -0.0938 0.2256
v -0.2192 -0.0938 0.1861
v -0.2608 -0.0938 0.1341
v -0.2881 -0.0938 0.0719
v -0.2977 -0.0938 0.0039
v -0.2881 -0.0938 -0.0640
v -0.2608 -0.0938 -0.1262
v -0.2192 -0.0938 -0.1782
v -0.1683 -0.0938 -0.2178
v -0.1128 -0.0938 -0.2448
v -0.0564 -0.0938 -0.2611
v -0.0010 -0.0938 -0.2695
v 0.0534 -0.0938 -0.2720
v 0.1078 -0.0938 -0.2695
v 0.1632 -0.0938 -0.2611
v 0.2196 -0.0938 -0.2448
v 0.2751 -0.0938 -0.2178
v 0.3260 -0.0938 -0.1782
v 0.3676 -0.0938 -0.1262
v 0.3950 -0.0938 -0.0640
v 0.4063 -0.0625 0.0026
v 0.3967 -0.0625 0.0708
v 0.3692 -0.0625 0.1333
v 0.3275 -0.0625 0.1855
v 0.2763 -0.0625 0.2252
v 0.2206 -0.0625 0.2523
v 0.1640 -0.0625 0.2688
v 0.1083 -0.0625 0.2771
v 0.0537 -0.0625 0.2796
v -0.0009 -0.0625 0.2771
v -0.0565 -0.0625 0.2688
v -0.1131 -0.0625 0.2523
v -0.1688 -0.0625 0.2252
v -0.2200 -0.0625 0.1855
v -0.2617 -0.0625 0.1333
v -0.2892 -0.0625 0.0708
v -0.2988 -0.0625 0.0026
v -0.2892 -0.0625 -0.0656
v -0.2617 -0.0625 -0.1280
v -0.2200 -0.0625 -0.1803
v -0.1688 -0.0625 -0.2199
v -0.1131 -0.0625 -0.2471
v -0.0565 -0.0625 -0.2635
v -0.0009 -0.0625 -0.2719
v 0.0537 -0.0625 -0.2744
v 0.1083 -0.0625 -0.2719
v 0.1640 -0.0625 -0.2635
v 0.2206 -0.0625 -0.2471
v 0.2763 -0.0625 -0.2199
v 0.3275 -0.0625 -0.1803
v 0.3692 -0.0625 -0.1280
v 0.3967 -0.0625 -0.0656
v 0.4079 -0.0313 0.0013
v 0.3983 -0.0313 0.0698
v 0.3707 -0.0313 0.1325
v 0.3288 -0.0313 0.1850
v 0.2774 -0.0313 0.2248
v 0.2215 -0.0313 0.2520
v 0.1646 -0.0313 0.2685
v 0.1088 -0.0313 0.2769
v 0.0539 -0.0313 0.2794
v -0.0009 -0.0313 0.2769
v -0.0567 -0.0313 0.2685
v -0.1136 -0.0313 0.2520
v -0.1695 -0.0313 0.2248
v -0.2209 -0.0313 0.1850
v -0.2628 -0.0313 0.1325
v -0.2904 -0.0313 0.0698
v -0.3000 -0.0313 0.0013
v -0.2904 -0.0313 -0.0672
v -0.2628 -0.0313 -0.1299
v -0.2209 -0.0313 -0.1823
v -0.1695 -0.0313 -0.2222
v -0.1136 -0.0313 -0.2494
v -0.0567 -0.0313 -0.2659
v -0.0009 -0.0313 -0.2743
v 0.0539 -0.0313 -0.2768
v 0.1088 -0.0313 -0.2743
v 0.1646 -0.0313 -0.2659
v 0.2215 -0.0313 -0.2494
v 0.2774 -0.0313 -0.2222
v 0.3288 -0.0313 -0.1823
v 0.3707 -0.0313 -0.1299
v 0.3983 -0.0313 -0.0672
v 0.4094 0.0000 0.0000
v 0.3997 0.0000 0.0688
v 0.3720 0.0000 0.1317
v 0.3300 0.0000 0.1844
v 0.2784 0.0000 0.2244
v 0.2222 0.0000 0.2517
v 0.1651 0.0000 0.2683
v 0.1090 0.0000 0.2767
v 0.0540 0.0000 0.2792
v -0.0010 0.0000 0.2767
v -0.0571 0.0000 0.2683
v -0.1142 0.0000 0.2517
v -0.1704 0.0000 0.2244
v -0.2220 0.0000 0.1844
v -0.2640 0.0000 0.1317
v -0.2917 0.0000 0.0688
v -0.3014 0.0000 0.0000
v -0.2917 0.0000 -0.0688
v -0.2640 0.0000 -0.1317
v -0.2220 0.0000 -0.1844
v -0.1704 0.0000 -0.2244
v -0.1142 0.0000 -0.2517
v -0.0571 0.0000 -0.2683
v -0.0010 0.0000 -0.2767
v 0.0540 0.0000 -0.2792
v 0.1090 0.0000 -0.2767
v 0.1651 0.0000 -0.2683
v 0.2222 0.0000 -0.2517
v 0.2784 0.0000 -0.2244
v 0.3300 0.0000 -0.1844
v 0.3720 0.0000 -0.1317
v 0.3997 0.0000 -0.0688
v 0.4108 0.0313 -0.0013
v 0.4011 0.0313 0.0677
v 0.3733 0.0313 0.1309
v 0.3310 0.0313 0.1838
v 0.2792 0.0313 0.2240
v 0.2228 0.0313 0.2514
v 0.1655 0.0313 0.2681
v 0.1092 0.0313 0.2765
v 0.0539 0.0313 0.2791
v -0.0013 0.0313 0.2765
v -0.0576 0.0313 0.2681
v -0.1149 0.0313 0.2514
v -0.1714 0.0313 0.2240
v -0.2231 0.0313 0.1838
v -0.2654 0.0313 0.1309
v -0.2932 0.0313 0.0677
v -0.3029 0.0313 -0.0013
v -0.2932 0.0313 -0.0704
v -0.2654 0.0313 -0.1336
v -0.2231 0.0313 -0.1865
v -0.1714 0.0313 -0.2266
v -0.1149 0.0313 -0.2541
v -0.0576 0.0313 -0.2707
v -0.0013 0.0313 -0.2792
v 0.0539 0.0313 -0.2817
v 0.1092 0.0313 -0.2792
v 0.1655 0.0313 -0.2707
v 0.2228 0.0313 -0.2541
v 0.2792 0.0313 -0.2266
v 0.3310 0.0313 -0.1865
v 0.3733 0.0313 -0.1336
v 0.4011 0.0313 -0.0704
v 0.4120 0.0625 -0.0026
v 0.4023 0.0625 0.0667
v 0.3744 0.0625 0.1302
v 0.3319 0.0625 0.1833
v 0.2799 0.0625 0.2236
v 0.2233 0.0625 0.2511
v 0.1658 0.0625 0.2678
v 0.1092 0.0625 0.2763
v 0.0537 0.0625 0.2789
v -0.0017 0.0625 0.2763
v -0.0583 0.0625 0.2678
v -0.1158 0.0625 0.2511
v -0.1725 0.0625 0.2236
v -0.2245 0.0625 0.1833
v -0.2669 0.0625 0.1302
v -0.2948 0.0625 0.0667
v -0.3045 0.0625 -0.0026
v -0.2948 0.0625 -0.0720
v -0.2669 0.0625 -0.1354
v -0.2245 0.0625 -0.1885
v -0.1725 0.0625 -0.2288
v -0.1158 0.0625 -0.2564
v -0.0583 0.0625 -0.2731
v -0.0017 0.0625 -0.2816
v 0.0537 0.0625 -0.2841
v 0.1092 0.0625 -0.2816
v 0.1658 0.0625 -0.2731
v 0.2233 0.0625 -0.2564
v 0.2799 0.0625 -0.2288
v 0.3319 0.0625 -0.1885
v 0.3744 0.0625 -0.1354
v 0.4023 0.0625 -0.0720
v 0.4131 0.0938 -0.0039
v 0.4034 0.0938 0.0657
v 0.3753 0.0938 0.1294
v 0.3327 0.0938 0.1827
v 0.2805 0.0938 0.2232
v 0.2237 0.0938 0.2509
v 0.1659 0.0938 0.2676
v 0.1091 0.0938 0.2762
v 0.0534 0.0938 0.2787
v -0.0023 0.0938 0.2762
v -0.0591 0.0938 0.2676
v -0.1168 0.0938 0.2509
v -0.1737 0.0938 0.2232
v -0.2259 0.0938 0.1827
v -0.2685 0.0938 0.1294
v -0.2965 0.0938 0.0657
v -0.3063 0.0938 -0.0039
v -0.2965 0.0938 -0.0735
v -0.2685 0.0938 -0.1373
v -0.2259 0.0938 -0.1906
v -0.1737 0.0938 -0.2310
v -0.1168 0.0938 -0.2587
v -0.0591 0.0938 -0.2755
v -0.0023 0.0938 -0.2840
v 0.0534 0.0938 -0.2866
v 0.1091 0.0938 -0.2840
v 0.1659 0.0938 -0.2755
v 0.2237 0.0938 -0.2587
v 0.2805 0.0938 -0.2310
v 0.3327 0.0938 -0.1906
v 0.3753 0.0938 -0.1373
v 0.4034 0.0938 -0.0735
v 0.4141 0.1250 -0.0052
v 0.4043 0.1250 0.0647
v 0.3762 0.1250 0.1287
v 0.3334 0.1250 0.1822
v 0.2810 0.1250 0.2229
v 0.2239 0.1250 0.2507
v 0.1659 0.1250 0.2675
v 0.1089 0.1250 0.2761
v 0.0530 0.1250 0.2786
v -0.0030 0.1250 0.2761
v -0.0600 0.1250 0.2675
v -0.1180 0.1250 0.2507
v -0.1751 0.1250 0.2229
v -0.2275 0.1250 0.1822
v -0.2703 0.1250 0.1287
v -0.2984 0.1250 0.0647
v -0.3082 0.1250 -0.0052
v -0.2984 0.1250 -0.0751
v -0.2703 0.1250 -0.1390
v -0.2275 0.1250 -0.1926
v -0.1751 0.1250 -0.2332
v -0.1180 0.1250 -0.2610
v -0.0600 0.1250 -0.2778
v -0.0030 0.1250 -0.2864
v 0.0530 0.1250 -0.2890
v 0.1089 0.1250 -0.2864
v 0.1659 0.1250 -0.2778
v 0.2239 0.1250 -0.2610
v 0.2810 0.1250 -0.2332
v 0.3334 0.1250 -0.1926
v 0.3762 0.1250 -0.1390
v 0.4043 0.1250 -0.0751
v 0.4150 0.1563 -0.0064
v 0.4052 0.1563 0.0638
v 0.3769 0.1563 0.1281
v 0.3340 0.1563 0.1818
v 0.2813 0.1563 0.2226
v 0.2240 0.1563 0.2505
v 0.1658 0.1563 0.2674
v 0.1085 0.1563 0.2760
v 0.0524 0.1563 0.2786
v -0.0038 0.1563 0.2760
v -0.0610 0.1563 0.2674
v -0.1192 0.1563 0.2505
v -0.1766 0.1563 0.2226
v -0.2292 0.1563 0.1818
v -0.2721 0.1563 0.1281
v -0.3004 0.1563 0.0638
v -0.3103 0.1563 -0.0064
v -0.3004 0.1563 -0.0765
v -0.2721 0.1563 -0.1408
v -0.2292 0.1563 -0.1945
v -0.1766 0.1563 -0.2353
v -0.1192 0.1563 -0.2632
v -0.0610 0.1563 -0.2801
v -0.0038 0.1563 -0.2887
v 0.0524 0.1563 -0.2913
v 0.1085 0.1563 -0.2887
v 0.1658 0.1563 -0.2801
v 0.2240 0.1563 -0.2632
v 0.2813 0.1563 -0.2353
v 0.3340 0.1563 -0.1945
v 0.3769 0.1563 -0.1408
v 0.4052 0.1563 -0.0765
v 0.4158 0.1875 -0.0075
v 0.4059 0.1875 0.0630
v 0.3775 0.1875 0.1275
v 0.3344 0.1875 0.1814
v 0.2815 0.1875 0.2224
v 0.2240 0.1875 0.2504
v 0.1655 0.1875 0.2674
v 0.1081 0.1875 0.2760
v 0.0517 0.1875 0.2786
v -0.0047 0.1875 0.2760
v -0.0622 0.1875 0.2674
v -0.1206 0.1875 0.2504
v -0.1782 0.1875 0.2224
v -0.2310 0.1875 0.1814
v -0.2742 0.1875 0.1275
v -0.3025 0.1875 0.0630
v -0.3124 0.1875 -0.0075
v -0.3025 0.1875 -0.0780
v -0.2742 0.1875 -0.1425
v -0.2310 0.1875 -0.1964
v -0.1782 0.1875 -0.2374
v -0.1206 0.1875 -0.2654
v -0.0622 0.1875 -0.2824
v -0.0047 0.1875 -0.2910
v 0.0517 0.1875 -0.2936
v 0.1081 0.1875 -0.2910
v 0.1655 0.1875 -0.2824
v 0.2240 0.1875 -0.2654
v 0.2815 0.1875 -0.2374
v 0.3344 0.1875 -0.1964
v 0.3775 0.1875 -0.1425
v 0.4059 0.1875 -0.0780
v 0.4164 0.2188 -0.0086
v 0.4065 0.2188 0.0622
v 0.3780 0.2188 0.1269
v 0.3347 0.2188 0.1811
v 0.2816 0.2188 0.2222
v 0.2239 0.2188 0.2504
v 0.1652 0.2188 0.2674
v 0.1075 0.2188 0.2761
v 0.0508 0.2188 0.2787
v -0.0058 0.2188 0.2761
v -0.0635 0.2188 0.2674
v -0.1222 0.2188 0.2504
v -0.1800 0.2188 0.2222
v -0.2330 0.2188 0.1811
v -0.2763 0.2188 0.1269
v -0.3048 0.2188 0.0622
v -0.3147 0.2188 -0.0086
v -0.3048 0.2188 -0.0793
v -0.2763 0.2188 -0.1441
v -0.2330 0.2188 -0.1982
v -0.1800 0.2188 -0.2394
v -0.1222 0.2188 -0.2675
v -0.0635 0.2188 -0.2845
v -0.0058 0.2188 -0.2932
v 0.0508 0.2188 -0.2958
v 0.1075 0.2188 -0.2932
v 0.1652 0.2188 -0.2845
v 0.2239 0.2188 -0.2675
v 0.2816 0.2188 -0.2394
v 0.3347 0.2188 -0.1982
v 0.3780 0.2188 -0.1441
v 0.4065 0.2188 -0.0793
v 0.4169 0.2500 -0.0095
v 0.4069 0.2500 0.0615
v 0.3783 0.2500 0.1265
v 0.3349 0.2500 0.1809
v 0.2816 0.2500 0.2222
v 0.2236 0.2500 0.2504
v 0.1647 0.2500 0.2675
v 0.1067 0.2500 0.2762
v 0.0499 0.2500 0.2788
v -0.0070 0.2500 0.2762
v -0.0649 0.2500 0.2675
v -0.1238 0.2500 0.2504
v -0.1818 0.2500 0.2222
v -0.2351 0.2500 0.1809
v -0.2786 0.2500 0.1265
v -0.3072 0.2500 0.0615
v -0.3171 0.2500 -0.0095
v -0.3072 0.2500 -0.0806
v -0.2786 0.2500 -0.1456
v -0.2351 0.2500 -0.2000
v -0.1818 0.2500 -0.2413
v -0.1238 0.2500 -0.2695
v -0.0649 0.2500 -0.2866
v -0.0070 0.2500 -0.2953
v 0.0499 0.2500 -0.2979
v 0.1067 0.2500 -0.2953
v 0.1647 0.2500 -0.2866
v 0.2236 0.2500 -0.2695
v 0.2816 0.2500 -0.2413
v 0.3349 0.2500 -0.2000
v 0.3783 0.2500 -0.1456
v 0.4069 0.2500 -0.0806
v 0.4173 0.2813 -0.0104
v 0.4073 0.2813 0.0609
v 0.3786 0.2813 0.1262
v 0.3349 0.2813 0.1808
v 0.2815 0.2813 0.2222
v 0.2232 0.2813 0.2506
v 0.1640 0.2813 0.2677
v 0.1059 0.2813 0.2765
v 0.0488 0.2813 0.2791
v -0.0083 0.2813 0.2765
v -0.0664 0.2813 0.2677
v -0.1256 0.2813 0.2506
v -0.1838 0.2813 0.2222
v -0.2373 0.2813 0.1808
v -0.2810 0.2813 0.1262
v -0.3097 0.2813 0.0609
v -0.3197 0.2813 -0.0104
v -0.3097 0.2813 -0.0817
v -0.2810 0.2813 -0.1470
v -0.2373 0.2813 -0.2016
v -0.1838 0.2813 -0.2431
v -0.1256 0.2813 -0.2714
v -0.0664 0.2813 -0.2886
v -0.0083 0.2813 -0.2974
v 0.0488 0.2813 -0.3000
v 0.1059 0.2813 -0.2974
v 0.1640 0.2813 -0.2886
v 0.2232 0.2813 -0.2714
v 0.2815 0.2813 -0.2431
v 0.3349 0.2813 -0.2016
v 0.3786 0.2813 -0.1470
v 0.4073 0.2813 -0.0817
v 0.4176 0.3125 -0.0112
v 0.4075 0.3125 0.0604
v 0.3787 0.3125 0.1259
v 0.3349 0.3125 0.1807
v 0.2812 0.3125 0.2224
v 0.2227 0.3125 0.2508
v 0.1633 0.3125 0.2681
v 0.1049 0.3125 0.2768
v 0.0476 0.3125 0.2795
v -0.0097 0.3125 0.2768
v -0.0681 0.3125 0.2681
v -0.1275 0.3125 0.2508
v -0.1860 0.3125 0.2224
v -0.2397 0.3125 0.1807
v -0.2835 0.3125 0.1259
v -0.3123 0.3125 0.0604
v -0.3224 0.3125 -0.0112
v -0.3123 0.3125 -0.0828
v -0.2835 0.3125 -0.1484
v -0.2397 0.3125 -0.2032
v -0.1860 0.3125 -0.2448
v -0.1275 0.3125 -0.2733
v -0.0681 0.3125 -0.2905
v -0.0097 0.3125 -0.2993
v 0.0476 0.3125 -0.3019
v 0.1049 0.3125 -0.2993
v 0.1633 0.3125 -0.2905
v 0.2227 0.3125 -0.2733
v 0.2812 0.3125 -0.2448
v 0.3349 0.3125 -0.2032
v 0.3787 0.3125 -0.1484
v 0.4075 0.3125 -0.0828
v 0.4178 0.3438 -0.0119
v 0.4077 0.3438 0.0600
v 0.3787 0.3438 0.1258
v 0.3347 0.3438 0.1808
v 0.2808 0.3438 0.2226
v 0.2221 0.3438 0.2512
v 0.1625 0.3438 0.2685
v 0.1038 0.3438 0.2773
v 0.0463 0.3438 0.2799
v -0.0112 0.3438 0.2773
v -0.0698 0.3438 0.2685
v -0.1295 0.3438 0.2512
v -0.1882 0.3438 0.2226
v -0.2421 0.3438 0.1808
v -0.2861 0.3438 0.1258
v -0.3150 0.3438 0.0600
v -0.3251 0.3438 -0.0119
v -0.3150 0.3438 -0.0838
v -0.2861 0.3438 -0.1496
v -0.2421 0.3438 -0.2046
v -0.1882 0.3438 -0.2464
v -0.1295 0.3438 -0.2750
v -0.0698 0.3438 -0.2923
v -0.0112 0.3438 -0.3011
v 0.0463 0.3438 -0.3038
v 0.1038 0.3438 -0.3011
v 0.1625 0.3438 -0.2923
v 0.2221 0.3438 -0.2750
v 0.2808 0.3438 -0.2464
v 0.3347 0.3438 -0.2046
v 0.3787 0.3438 -0.1496
v 0.4077 0.3438 -0.0838
v 0.4178 0.3750 -0.0125
v 0.4077 0.3750 0.0597
v 0.3786 0.3750 0.1258
v 0.3345 0.3750 0.1810
v 0.2803 0.3750 0.2230
v 0.2214 0.3750 0.2517
v 0.1615 0.3750 0.2691
v 0.1027 0.3750 0.2779
v 0.0449 0.3750 0.2805
v -0.0129 0.3750 0.2779
v -0.0717 0.3750 0.2691
v -0.1316 0.3750 0.2517
v -0.1906 0.3750 0.2230
v -0.2447 0.3750 0.1810
v -0.2888 0.3750 0.1258
v -0.3179 0.3750 0.0597
v -0.3280 0.3750 -0.0125
v -0.3179 0.3750 -0.0846
v -0.2888 0.3750 -0.1507
v -0.2447 0.3750 -0.2060
v -0.1906 0.3750 -0.2479
v -0.1316 0.3750 -0.2766
v -0.0717 0.3750 -0.2940
v -0.0129 0.3750 -0.3028
v 0.0449 0.3750 -0.3055
v 0.1027 0.3750 -0.3028
v 0.1615 0.3750 -0.2940
v 0.2214 0.3750 -0.2766
v 0.2803 0.3750 -0.2479
v 0.3345 0.3750 -0.2060
v 0.3786 0.3750 -0.1507
v 0.4077 0.3750 -0.0846
v 0.4178 0.4063 -0.0129
v 0.4076 0.4063 0.0595
v 0.3784 0.4063 0.1259
v 0.3341 0.4063 0.1813
v 0.2798 0.4063 0.2235
v 0.2206 0.4063 0.2523
v 0.1605 0.4063 0.2697
v 0.1014 0.4063 0.2786
v 0.0434 0.4063 0.2813
v -0.0146 0.4063 0.2786
v -0.0737 0.4063 0.2697
v -0.1338 0.4063 0.2523
v -0.1930 0.4063 0.2235
v -0.2474 0.4063 0.1813
v -0.2917 0.4063 0.1259
v -0.3209 0.4063 0.0595
v -0.3310 0.4063 -0.0129
v -0.3209 0.4063 -0.0854
v -0.2917 0.4063 -0.1517
v -0.2474 0.4063 -0.2072
v -0.1930 0.4063 -0.2493
v -0.1338 0.4063 -0.2781
v -0.0737 0.4063 -0.2956
v -0.0146 0.4063 -0.3044
v 0.0434 0.4063 -0.3071
v 0.1014 0.4063 -0.3044
v 0.1605 0.4063 -0.2956
v 0.2206 0.4063 -0.2781
v 0.2798 0.4063 -0.2493
v 0.3341 0.4063 -0.2072
v 0.3784 0.4063 -0.1517
v 0.4076 0.4063 -0.0854
v 0.4177 0.4375 -0.0132
v 0.4074 0.4375 0.0595
v 0.3781 0.4375 0.1261
v 0.3336 0.4375 0.1818
v 0.2791 0.4375 0.2241
v 0.2196 0.4375 0.2530
v 0.1593 0.4375 0.2705
v 0.1000 0.4375 0.2794
v 0.0417 0.4375 0.2821
v -0.0165 0.4375 0.2794
v -0.0758 0.4375 0.2705
v -0.1362 0.4375 0.2530
v -0.1956 0.4375 0.2241
v -0.2501 0.4375 0.1818
v -0.2947 0.4375 0.1261
v -0.3239 0.4375 0.0595
v -0.3342 0.4375 -0.0132
v -0.3239 0.4375 -0.0860
v -0.2947 0.4375 -0.1526
v -0.2501 0.4375 -0.2083
v -0.1956 0.4375 -0.2506
v -0.1362 0.4375 -0.2795
v -0.0758 0.4375 -0.2970
v -0.0165 0.4375 -0.3059
v 0.0417 0.4375 -0.3086
v 0.1000 0.4375 -0.3059
v 0.1593 0.4375 -0.2970
v 0.2196 0.4375 -0.2795
v 0.2791 0.4375 -0.2506
v 0.3336 0.4375 -0.2083
v 0.3781 0.4375 -0.1526
v 0.4074 0.4375 -0.0860
v 0.4174 0.4688 -0.0134
v 0.4071 0.4688 0.0596
v 0.3777 0.4688 0.1265
v 0.3331 0.4688 0.1824
v 0.2783 0.4688 0.2248
v 0.2186 0.4688 0.2539
v 0.1580 0.4688 0.2715
v 0.0985 0.4688 0.2804
v 0.0400 0.4688 0.2831
v -0.0184 0.4688 0.2804
v -0.0780 0.4688 0.2715
v -0.1386 0.4688 0.2539
v -0.1983 0.4688 0.2248
v -0.2530 0.4688 0.1824
v -0.2977 0.4688 0.1265
v -0.3271 0.4688 0.0596
v -0.3374 0.4688 -0.0134
v -0.3271 0.4688 -0.0865
v -0.2977 0.4688 -0.1533
v -0.2530 0.4688 -0.2092
v -0.1983 0.4688 -0.2517
v -0.1386 0.4688 -0.2807
v -0.0780 0.4688 -0.2983
v -0.0184 0.4688 -0.3073
v 0.0400 0.4688 -0.3100
v 0.0985 0.4688 -0.3073
v 0.1580 0.4688 -0.2983
v 0.2186 0.4688 -0.2807
v 0.2783 0.4688 -0.2517
v 0.3331 0.4688 -0.2092
v 0.3777 0.4688 -0.1533
v 0.4071 0.4688 -0.0865
v 0.4171 0.5000 -0.0135
v 0.4068 0.5000 0.0598
v 0.3773 0.5000 0.1269
v 0.3324 0.5000 0.1831
v 0.2774 0.5000 0.2257
v 0.2175 0.5000 0.2549
v 0.1567 0.5000 0.2725
v 0.0969 0.5000 0.2815
v 0.0382 0.5000 0.2842
v -0.0205 0.5000 0.2815
v -0.0803 0.5000 0.2725
v -0.1411 0.5000 0.2549
v -0.2010 0.5000 0.2257
v -0.2560 0.5000 0.1831
v -0.3009 0.5000 0.1269
v -0.3304 0.5000 0.0598
v -0.3407 0.5000 -0.0135
v -0.3304 0.5000 -0.0868
v -0.3009 0.5000 -0.1539
v -0.2560 0.5000 -0.2101
v -0.2010 0.5000 -0.2527
v -0.1411 0.5000 -0.2819
v -0.0803 0.5000 -0.2995
v -0.0205 0.5000 -0.3085
v 0.0382 0.5000 -0.3112
v 0.0969 0.5000 -0.3085
v 0.1567 0.5000 -0.2995
v 0.2175 0.5000 -0.2819
v 0.2774 0.5000 -0.2527
v 0.3324 0.5000 -0.2101
v 0.3773 0.5000 -0.1539
v 0.4068 0.5000 -0.0868
v 0.4167 0.5313 -0.0134
v 0.4063 0.5313 0.0602
v 0.3767 0.5313 0.1276
v 0.3316 0.5313 0.1839
v 0.2764 0.5313 0.2267
v 0.2163 0.5313 0.2560
v 0.1552 0.5313 0.2737
v 0.0952 0.5313 0.2827
v 0.0363 0.5313 0.2854
v -0.0226 0.5313 0.2827
v -0.0827 0.5313 0.2737
v -0.1438 0.5313 0.2560
v -0.2039 0.5313 0.2267
v -0.2591 0.5313 0.1839
v -0.3041 0.5313 0.1276
v -0.3338 0.5313 0.0602
v -0.3441 0.5313 -0.0134
v -0.3338 0.5313 -0.0870
v -0.3041 0.5313 -0.1544
v -0.2591 0.5313 -0.2108
v -0.2039 0.5313 -0.2536
v -0.1438 0.5313 -0.2829
v -0.0827 0.5313 -0.3006
v -0.0226 0.5313 -0.3096
v 0.0363 0.5313 -0.3123
v 0.0952 0.5313 -0.3096
v 0.1552 0.5313 -0.3006
v 0.2163 0.5313 -0.2829
v 0.2764 0.5313 -0.2536
v 0.3316 0.5313 -0.2108
v 0.3767 0.5313 -0.1544
v 0.4063 0.5313 -0.0870
v 0.4162 0.5625 -0.0132
v 0.4058 0.5625 0.0607
v 0.3760 0.5625 0.1283
v 0.3308 0.5625 0.1849
v 0.2754 0.5625 0.2279
v 0.2150 0.5625 0.2573
v 0.1537 0.5625 0.2750
v 0.0934 0.5625 0.2841
v 0.0343 0.5625 0.2868
v -0.0249 0.5625 0.2841
v -0.0852 0.5625 0.2750
v -0.1465 0.5625 0.2573
v -0.2068 0.5625 0.2279
v -0.2623 0.5625 0.1849
v -0.3075 0.5625 0.1283
v -0.3372 0.5625 0.0607
v -0.3476 0.5625 -0.0132
v -0.3372 0.5625 -0.0871
v -0.3075 0.5625 -0.1548
v -0.2623 0.5625 -0.2114
v -0.2068 0.5625 -0.2543
v -0.1465 0.5625 -0.2837
v -0.0852 0.5625 -0.3015
v -0.0249 0.5625 -0.3106
v 0.0343 0.5625 -0.3133
v 0.0934 0.5625 -0.3106
v 0.1537 0.5625 -0.3015
v 0.2150 0.5625 -0.2837
v 0.2754 0.5625 -0.2543
v 0.3308 0.5625 -0.2114
v 0.3760 0.5625 -0.1548
v 0.4058 0.5625 -0.0871
v 0.4156 0.5938 -0.0129
v 0.4051 0.5938 0.0613
v 0.3753 0.5938 0.1292
v 0.3299 0.5938 0.1860
v 0.2742 0.5938 0.2291
v 0.2136 0.5938 0.2586
v 0.1521 0.5938 0.2765
v 0.0915 0.5938 0.2856
v 0.0322 0.5938 0.2883
v -0.0272 0.5938 0.2856
v -0.0877 0.5938 0.2765
v -0.1493 0.5938 0.2586
v -0.2099 0.5938 0.2291
v -0.2655 0.5938 0.1860
v -0.3109 0.5938 0.1292
v -0.3408 0.5938 0.0613
v -0.3512 0.5938 -0.0129
v -0.3408 0.5938 -0.0871
v -0.3109 0.5938 -0.1550
v -0.2655 0.5938 -0.2118
v -0.2099 0.5938 -0.2550
v -0.1493 0.5938 -0.2845
v -0.0877 0.5938 -0.3023
v -0.0272 0.5938 -0.3114
v 0.0322 0.5938 -0.3142
v 0.0915 0.5938 -0.3114
v 0.1521 0.5938 -0.3023
v 0.2136 0.5938 -0.2845
v 0.2742 0.5938 -0.2550
v 0.3299 0.5938 -0.2118
v 0.3753 0.5938 -0.1550
v 0.4051 0.5938 -0.0871
v 0.4149 0.6250 -0.0125
v 0.4044 0.6250 0.0620
v 0.3744 0.6250 0.1302
v 0.3289 0.6250 0.1872
v 0.2730 0.6250 0.2305
v 0.2122 0.6250 0.2602
v 0.1504 0.6250 0.2781
v 0.0896 0.6250 0.2872
v 0.0300 0.6250 0.2900
v -0.0296 0.6250 0.2872
v -0.0904 0.6250 0.2781
v -0.1522 0.6250 0.2602
v -0.2130 0.6250 0.2305
v -0.2689 0.6250 0.1872
v -0.3144 0.6250 0.1302
v -0.3444 0.6250 0.0620
v -0.3549 0.6250 -0.0125
v -0.3444 0.6250 -0.0870
v -0.3144 0.6250 -0.1551
v -0.2689 0.6250 -0.2122
v -0.2130 0.6250 -0.2555
v -0.1522 0.6250 -0.2851
v -0.0904 0.6250 -0.3030
v -0.0296 0.6250 -0.3122
v 0.0300 0.6250 -0.3149
v 0.0896 0.6250 -0.3122
v 0.1504 0.6250 -0.3030
v 0.2122 0.6250 -0.2851
v 0.2730 0.6250 -0.2555
v 0.3289 0.6250 -0.2122
v 0.3744 0.6250 -0.1551
v 0.4044 0.6250 -0.0870
v 0.4142 0.6563 -0.0119
v 0.4037 0.6563 0.0629
v 0.3736 0.6563 0.1313
v 0.3278 0.6563 0.1886
v 0.2717 0.6563 0.2321
v 0.2106 0.6563 0.2618
v 0.1486 0.6563 0.2798
v 0.0876 0.6563 0.2890
v 0.0278 0.6563 0.2917
v -0.0321 0.6563 0.2890
v -0.0931 0.6563 0.2798
v -0.1551 0.6563 0.2618
v -0.2162 0.6563 0.2321
v -0.2723 0.6563 0.1886
v -0.3180 0.6563 0.1313
v -0.3481 0.6563 0.0629
v -0.3587 0.6563 -0.0119
v -0.3481 0.6563 -0.0867
v -0.3180 0.6563 -0.1551
v -0.2723 0.6563 -0.2124
v -0.2162 0.6563 -0.2559
v -0.1551 0.6563 -0.2856
v -0.0931 0.6563 -0.3036
v -0.0321 0.6563 -0.3128
v 0.0278 0.6563 -0.3155
v 0.0876 0.6563 -0.3128
v 0.1486 0.6563 -0.3036
v 0.2106 0.6563 -0.2856
v 0.2717 0.6563 -0.2559
v 0.3278 0.6563 -0.2124
v 0.3736 0.6563 -0.1551
v 0.4037 0.6563 -0.0867
v 0.4134 0.6875 -0.0112
v 0.4028 0.6875 0.0638
v 0.3726 0.6875 0.1326
v 0.3267 0.6875 0.1900
v 0.2704 0.6875 0.2337
v 0.2090 0.6875 0.2635
v 0.1468 0.6875 0.2816
v 0.0855 0.6875 0.2908
v 0.0255 0.6875 0.2936
v -0.0346 0.6875 0.2908
v -0.0958 0.6875 0.2816
v -0.1581 0.6875 0.2635
v -0.2195 0.6875 0.2337
v -0.2758 0.6875 0.1900
v -0.3217 0.6875 0.1326
v -0.3519 0.6875 0.0638
v -0.3625 0.6875 -0.0112
v -0.3519 0.6875 -0.0863
v -0.3217 0.6875 -0.1550
v -0.2758 0.6875 -0.2125
v -0.2195 0.6875 -0.2561
v -0.1581 0.6875 -0.2860
v -0.0958 0.6875 -0.3041
v -0.0346 0.6875 -0.3133
v 0.0255 0.6875 -0.3160
v 0.0855 0.6875 -0.3133
v 0.1468 0.6875 -0.3041
v 0.2090 0.6875 -0.2860
v 0.2704 0.6875 -0.2561
v 0.3267 0.6875 -0.2125
v 0.3726 0.6875 -0.1550
v 0.4028 0.6875 -0.0863
v 0.4125 0.7188 -0.0104
v 0.4019 0.7188 0.0649
v 0.3716 0.7188 0.1339
v 0.3255 0.7188 0.1916
v 0.2690 0.7188 0.2354
v 0.2074 0.7188 0.2654
v 0.1449 0.7188 0.2836
v 0.0834 0.7188 0.2928
v 0.0231 0.7188 0.2956
v -0.0372 0.7188 0.2928
v -0.0987 0.7188 0.2836
v -0.1612 0.7188 0.2654
v -0.2228 0.7188 0.2354
v -0.2793 0.7188 0.1916
v -0.3254 0.7188 0.1339
v -0.3558 0.7188 0.0649
v -0.3664 0.7188 -0.0104
v -0.3558 0.7188 -0.0858
v -0.3254 0.7188 -0.1548
v -0.2793 0.7188 -0.2125
v -0.2228 0.7188 -0.2563
v -0.1612 0.7188 -0.2863
v -0.0987 0.7188 -0.3044
v -0.0372 0.7188 -0.3137
v 0.0231 0.7188 -0.3164
v 0.0834 0.7188 -0.3137
v 0.1449 0.7188 -0.3044
v 0.2074 0.7188 -0.2863
v 0.2690 0.7188 -0.2563
v 0.3255 0.7188 -0.2125
v 0.3716 0.7188 -0.1548
v 0.4019 0.7188 -0.0858
v 0.4116 0.7500 -0.0095
v 0.4010 0.7500 0.0661
v 0.3705 0.7500 0.1354
v 0.3242 0.7500 0.1933
v 0.2675 0.7500 0.2373
v 0.2057 0.7500 0.2674
v 0.1429 0.7500 0.2856
v 0.0812 0.7500 0.2949
v 0.0207 0.7500 0.2976
v -0.0399 0.7500 0.2949
v -0.1016 0.7500 0.2856
v -0.1644 0.7500 0.2674
v -0.2262 0.7500 0.2373
v -0.2829 0.7500 0.1933
v -0.3292 0.7500 0.1354
v -0.3597 0.7500 0.0661
v -0.3703 0.7500 -0.0095
v -0.3597 0.7500 -0.0852
v -0.3292 0.7500 -0.1545
v -0.2829 0.7500 -0.2124
v -0.2262 0.7500 -0.2564
v -0.1644 0.7500 -0.2865
v -0.1016 0.7500 -0.3047
v -0.0399 0.7500 -0.3140
v 0.0207 0.7500 -0.3167
v 0.0812 0.7500 -0.3140
v 0.1429 0.7500 -0.3047
v 0.2057 0.7500 -0.2865
v 0.2675 0.7500 -0.2564
v 0.3242 0.7500 -0.2124
v 0.3705 0.7500 -0.1545
v 0.4010 0.7500 -0.0852
v 0.4107 0.7813 -0.0086
v 0.4000 0.7813 0.0674
v 0.3694 0.7813 0.1369
v 0.3229 0.7813 0.1951
v 0.2660 0.7813 0.2392
v 0.2039 0.7813 0.2694
v 0.1409 0.7813 0.2877
v 0.0790 0.7813 0.2970
v 0.0182 0.7813 0.2998
v -0.0426 0.7813 0.2970
v -0.1045 0.7813 0.2877
v -0.1676 0.7813 0.2694
v -0.2296 0.7813 0.2392
v -0.2866 0.7813 0.1951
v -0.3330 0.7813 0.1369
v -0.3636 0.7813 0.0674
v -0.3743 0.7813 -0.0086
v -0.3636 0.7813 -0.0845
v -0.3330 0.7813 -0.1540
v -0.2866 0.7813 -0.2122
v -0.2296 0.7813 -0.2564
v -0.1676 0.7813 -0.2866
v -0.1045 0.7813 -0.3048
v -0.0426 0.7813 -0.3142
v 0.0182 0.7813 -0.3169
v 0.0790 0.7813 -0.3142
v 0.1409 0.7813 -0.3048
v 0.2039 0.7813 -0.2866
v 0.2660 0.7813 -0.2564
v 0.3229 0.7813 -0.2122
v 0.3694 0.7813 -0.1540
v 0.4000 0.7813 -0.0845
v 0.4097 0.8125 -0.0075
v 0.3990 0.8125 0.0687
v 0.3683 0.8125 0.1385
v 0.3216 0.8125 0.1969
v 0.2644 0.8125 0.2413
v 0.2021 0.8125 0.2716
v 0.1389 0.8125 0.2899
v 0.0767 0.8125 0.2993
v 0.0157 0.8125 0.3021
v -0.0453 0.8125 0.2993
v -0.1075 0.8125 0.2899
v -0.1708 0.8125 0.2716
v -0.2331 0.8125 0.2413
v -0.2903 0.8125 0.1969
v -0.3369 0.8125 0.1385
v -0.3676 0.8125 0.0687
v -0.3783 0.8125 -0.0075
v -0.3676 0.8125 -0.0837
v -0.3369 0.8125 -0.1535
v -0.2903 0.8125 -0.2119
v -0.2331 0.8125 -0.2563
v -0.1708 0.8125 -0.2866
v -0.1075 0.8125 -0.3049
v -0.0453 0.8125 -0.3143
v 0.0157 0.8125 -0.3171
v 0.0767 0.8125 -0.3143
v 0.1389 0.8125 -0.3049
v 0.2021 0.8125 -0.2866
v 0.2644 0.8125 -0.2563
v 0.3216 0.8125 -0.2119
v 0.3683 0.8125 -0.1535
v 0.3990 0.8125 -0.0837
v 0.4087 0.8438 -0.0064
v 0.3979 0.8438 0.0702
v 0.3671 0.8438 0.1402
v 0.3202 0.8438 0.1988
v 0.2628 0.8438 0.2434
v 0.2003 0.8438 0.2738
v 0.1368 0.8438 0.2922
v 0.0744 0.8438 0.3016
v 0.0131 0.8438 0.3044
v -0.0481 0.8438 0.3016
v -0.1106 0.8438 0.2922
v -0.1741 0.8438 0.2738
v -0.2366 0.8438 0.2434
v -0.2940 0.8438 0.1988
v -0.3408 0.8438 0.1402
v -0.3716 0.8438 0.0702
v -0.3824 0.8438 -0.0064
v -0.3716 0.8438 -0.0829
v -0.3408 0.8438 -0.1530
v -0.2940 0.8438 -0.2116
v -0.2366 0.8438 -0.2561
v -0.1741 0.8438 -0.2865
v -0.1106 0.8438 -0.3049
v -0.0481 0.8438 -0.3143
v 0.0131 0.8438 -0.3171
v 0.0744 0.8438 -0.3143
v 0.1368 0.8438 -0.3049
v 0.2003 0.8438 -0.2865
v 0.2628 0.8438 -0.2561
v 0.3202 0.8438 -0.2116
v 0.3671 0.8438 -0.1530
v 0.3979 0.8438 -0.0829
v 0.4076 0.8750 -0.0052
v 0.3968 0.8750 0.0717
v 0.3659 0.8750 0.1420
v 0.3188 0.8750 0.2008
v 0.2612 0.8750 0.2455
v 0.1984 0.8750 0.2761
v 0.1347 0.8750 0.2946
v 0.0720 0.8750 0.3040
v 0.0105 0.8750 0.3068
v -0.0510 0.8750 0.3040
v -0.1136 0.8750 0.2946
v -0.1774 0.8750 0.2761
v -0.2401 0.8750 0.2455
v -0.2978 0.8750 0.2008
v -0.3448 0.8750 0.1420
v -0.3757 0.8750 0.0717
v -0.3865 0.8750 -0.0052
v -0.3757 0.8750 -0.0820
v -0.3448 0.8750 -0.1523
v -0.2978 0.8750 -0.2112
v -0.2401 0.8750 -0.2558
v -0.1774 0.8750 -0.2864
v -0.1136 0.8750 -0.3049
v -0.0510 0.8750 -0.3143
v 0.0105 0.8750 -0.3171
v 0.0720 0.8750 -0.3143
v 0.1347 0.8750 -0.3049
v 0.1984 0.8750 -0.2864
v 0.2612 0.8750 -0.2558
v 0.3188 0.8750 -0.2112
v 0.3659 0.8750 -0.1523
v 0.3968 0.8750 -0.0820
v 0.4065 0.9063 -0.0039
v 0.3957 0.9063 0.0732
v 0.3646 0.9063 0.1438
v 0.3174 0.9063 0.2029
v 0.2596 0.9063 0.2477
v 0.1966 0.9063 0.2784
v 0.1326 0.9063 0.2970
v 0.0697 0.9063 0.3064
v 0.0079 0.9063 0.3093
v -0.0538 0.9063 0.3064
v -0.1167 0.9063 0.2970
v -0.1807 0.9063 0.2784
v -0.2437 0.9063 0.2477
v -0.3016 0.9063 0.2029
v -0.3488 0.9063 0.1438
v -0.3798 0.9063 0.0732
v -0.3907 0.9063 -0.0039
v -0.3798 0.9063 -0.0810
v -0.3488 0.9063 -0.1517
v -0.3016 0.9063 -0.2107
v -0.2437 0.9063 -0.2556
v -0.1807 0.9063 -0.2862
v -0.1167 0.9063 -0.3048
v -0.0538 0.9063 -0.3143
v 0.0079 0.9063 -0.3171
v 0.0697 0.9063 -0.3143
v 0.1326 0.9063 -0.3048
v 0.1966 0.9063 -0.2862
v 0.2596 0.9063 -0.2556
v 0.3174 0.9063 -0.2107
v 0.3646 0.9063 -0.1517
v 0.3957 0.9063 -0.0810
v 0.4054 0.9375 -0.0026
v 0.3945 0.9375 0.0748
v 0.3634 0.9375 0.1457
v 0.3160 0.9375 0.2050
v 0.2579 0.9375 0.2500
v 0.1947 0.9375 0.2808
v 0.1304 0.9375 0.2994
v 0.0673 0.9375 0.3089
v 0.0053 0.9375 0.3118
v -0.0567 0.9375 0.3089
v -0.1198 0.9375 0.2994
v -0.1841 0.9375 0.2808
v -0.2473 0.9375 0.2500
v -0.3054 0.9375 0.2050
v -0.3528 0.9375 0.1457
v -0.3839 0.9375 0.0748
v -0.3948 0.9375 -0.0026
v -0.3839 0.9375 -0.0801
v -0.3528 0.9375 -0.1509
v -0.3054 0.9375 -0.2102
v -0.2473 0.9375 -0.2553
v -0.1841 0.9375 -0.2860
v -0.1198 0.9375 -0.3047
v -0.0567 0.9375 -0.3142
v 0.0053 0.9375 -0.3170
v 0.0673 0.9375 -0.3142
v 0.1304 0.9375 -0.3047
v 0.1947 0.9375 -0.2860
v 0.2579 0.9375 -0.2553
v 0.3160 0.9375 -0.2102
v 0.3634 0.9375 -0.1509
v 0.3945 0.9375 -0.0801
v 0.4043 0.9688 -0.0013
v 0.3934 0.9688 0.0764
v 0.3621 0.9688 0.1476
v 0.3145 0.9688 0.2071
v 0.2562 0.9688 0.2523
v 0.1927 0.9688 0.2832
v 0.1282 0.9688 0.3019
v 0.0649 0.9688 0.3114
v 0.0026 0.9688 0.3143
v -0.0596 0.9688 0.3114
v -0.1229 0.9688 0.3019
v -0.1874 0.9688 0.2832
v -0.2509 0.9688 0.2523
v -0.3092 0.9688 0.2071
v -0.3568 0.9688 0.1476
v -0.3881 0.9688 0.0764
v -0.3990 0.9688 -0.0013
v -0.3881 0.9688 -0.0790
v -0.3568 0.9688 -0.1502
v -0.3092 0.9688 -0.2097
v -0.2509 0.9688 -0.2549
v -0.1874 0.9688 -0.2858
v -0.1229 0.9688 -0.3045
v -0.0596 0.9688 -0.3141
v 0.0026 0.9688 -0.3169
v 0.0649 0.9688 -0.3141
v 0.1282 0.9688 -0.3045
v 0.1927 0.9688 -0.2858
v 0.2562 0.9688 -0.2549
v 0.3145 0.9688 -0.2097
v 0.3621 0.9688 -0.1502
v 0.3934 0.9688 -0.0790
v 0.4032 1.0000 -0.0000
v 0.3922 1.0000 0.0780
v 0.3608 1.0000 0.1495
v 0.3131 1.0000 0.2092
v 0.2546 1.0000 0.2546
v 0.1908 1.0000 0.2856
v 0.1261 1.0000 0.3044
v 0.0624 1.0000 0.3139
v 0.0000 1.0000 0.3168
v -0.0624 1.0000 0.3139
v -0.1261 1.0000 0.3044
v -0.1908 1.0000 0.2856
v -0.2546 1.0000 0.2546
v -0.3131 1.0000 0.2092
v -0.3608 1.0000 0.1495
v -0.3922 1.0000 0.0780
v -0.4032 1.0000 0.0000
v -0.3922 1.0000 -0.0780
v -0.3608 1.0000 -0.1495
v -0.3131 1.0000 -0.2092
v -0.2546 1.0000 -0.2546
v -0.1908 1.0000 -0.2856
v -0.1261 1.0000 -0.3044
v -0.0624 1.0000 -0.3139
v -0.0000 1.0000 -0.3168
v 0.0624 1.0000 -0.3139
v 0.1261 1.0000 -0.3044
v 0.1908 1.0000 -0.2856
v 0.2546 1.0000 -0.2546
v 0.3131 1.0000 -0.2092
v 0.3608 1.0000 -0.1495
v 0.3922 1.0000 -0.0780
f 1 33 2
f 33 34 2
f 2 34 3
f 34 35 3
f 3 35 4
f 35 36 4
f 4 36 5
f 36 37 5
f 5 37 6
f 37 38 6
f 6 38 7
f 38 39 7
f 7 39 8
f 39 40 8
f 8 40 9
f 40 41 9
f 9 41 10
f 41 42 10
f 10 42 11
f 42 43 11
f 11 43 12
f 43 44 12
f 12 44 13
f 44 45 13
f 13 45 14
f 45 46 14
f 14 46 15
f 46 47 15
f 15 47 16
f 47 48 16
f 16 48 17
f 48 49 17
f 17 49 18
f 49 50 18
f 18 50 19
f 50 51 19
f 19 51 20
f 51 52 20
f 20 52 21
f 52 53 21
f 21 53 22
f 53 54 22
f 22 54 23
f 54 55 23
f 23 55 24
f 55 56 24
f 24 56 25
f 56 57 25
f 25 57 26
f 57 58 26
f 26 58 27
f 58 59 27
f 27 59 28
f 59 60 28
f 28 60 29
f 60 61 29
f 29 61 30
f 61 62 30
f 30 62 31
f 62 63 31
f 31 63 32
f 63 64 32
f 32 64 1
f 64 33 1
f 33 65 34
f 65 66 34
f 34 66 35
f 66 67 35
f 35 67 36
f 67 68 36
f 36 68 37
f 68 69 37
f 37 69 38
f 69 70 38
f 38 70 39
f 70 71 39
f 39 71 40
f 71 72 40
f 40 72 41
f 72 73 41
f 41 73 42
f 73 74 42
f 42 74 43
f 74 75 43
f 43 75 44
f 75 76 44
f 44 76 45
f 76 77 45
f 45 77 46
f 77 78 46
f 46 78 47
f 78 79 47
f 47 79 48
f 79 80 48
f 48 80 49
f 80 81 49
f 49 81 50
f 81 82 50
f 50 82 51
f 82 83 51
f 51 83 52
f 83 84 52
f 52 84 53
f 84 85 53
f 53 85 54
f 85 86 54
f 54 86 55
f 86 87 55
f 55 87 56
f 87 88 56
f 56 88 57
f 88 89 57
f 57 89 58
f 89 90 58
f 58 90 59
f 90 91 59
f 59 91 60
f 91 92 60
f 60 92 61
f 92 93 61
f 61 93 62
f 93 94 62
f 62 94 63
f 94 95 63
f 63 95 64
f 95 96 64
f 64 96 33
f 96 65 33
f 65 97 66
f 97 98 66
f 66 98 67
f 98 99 67
f 67 99 68
f 99 100 68
f 68 100 69
f 100 101 69
f 69 101 70
f 101 102 70
f 70 102 71
f 102 103 71
f 71 103 72
f 103 104 72
f 72 104 73
f 104 105 73
f 73 105 74
f 105 106 74
f 74 106 75
f 106 107 75
f 75 107 76
f 107 108 76
f 76 108 77
f 108 109 77
f 77 109 78
f 109 110 78
f 78 110 79
f 110 111 79
f 79 111 80
f 111 112 80
f 80 112 81
f 112 113 81
f 81 113 82
f 113 114 82
f 82 114 83
f 114 115 83
f 83 115 84
f 115 116 84
f 84 116 85
f 116 117 85
f 85 117 86
f 117 118 86
f 86 118 87
f 118 119 87
f 87 119 88
f 119 120 88
f 88 120 89
f 120 121 89
f 89 121 90
f 121 122 90
f 90 122 91
f 122 123 91
f 91 123 92
f 123 124 92
f 92 124 93
f 124 125 93
f 93 125 94
f 125 126 94
f 94 126 95
f 126 127 95
f 95 127 96
f 127 128 96
f 96 128 65
f 128 97 65
f 97 129 98
f 129 130 98
f 98 130 99
f 130 131 99
f 99 131 100
f 131 132 100
f 100 132 101
f 132 133 101
f 101 133 102
f 133 134 102
f 102 134 103
f 134 135 103
f 103 135 104
f 135 136 104
f 104 136 105
f 136 137 105
f 105 137 106
f 137 138 106
f 106 138 107
f 138 139 107
f 107 139 108
f 139 140 108
f 108 140 109
f 140 141 109
f 109 141 110
f 141 142 110
f 110 142 111
f 142 143 111
f 111 143 112
f 143 144 112
f 112 144 113
f 144 145 113
f 113 145 114
f 145 146 114
f 114 146 115
f 146 147 115
f 115 147 116
f 147 148 116
f 116 148 117
f 148 149 117
f 117 149 118
f 149 150 118
f 118 150 119
f 150 151 119
f 119 151 120
f 151 152 120
f 120 152 121
f 152 153 121
f 121 153 122
f 153 154 122
f 122 154 123
f 154 155 123
f 123 155 124
f 155 156 124
f 124 156 125
f 156 157 125
f 125 157 126
f 157 158 126
f 126 158 127
f 158 159 127
f 127 159 128
f 159 160 128
f 128 160 97
f 160 129 97
f 129 161 130
f 161 162 130
f 130 162 131
f 162 163 131
f 131 163 132
f 163 164 132
f 132 164 133
f 164 165 133
f 133 165 134
f 165 166 134
f 134 166 135
f 166 167 135
f 135 167 136
f 167 168 136
f 136 168 137
f 168 169 137
f 137 169 138
f 169 170 138
f 138 170 139
f 170 171 139
f 139 171 140
f 171 172 140
f 140 172 141
f 172 173 141
f 141 173 142
f 173 174 142
f 142 174 143
f 174 175 143
f 143 175 144
f 175 176 144
f 144 176 145
f 176 177 145
f 145 177 146
f 177 178 146
f 146 178 147
f 178 179 147
f 147 179 148
f 179 180 148
f 148 180 149
f 180 181 149
f 149 181 150
f 181 182 150
f 150 182 151
f 182 183 151
f 151 183 152
f 183 184 152
f 152 184 153
f 184 185 153
f 153 185 154
f 185 186 154
f 154 186 155
f 186 187 155
f 155 187 156
f 187 188 156
f 156 188 157
f 188 189 157
f 157 189 158
f 189 190 158
f 158 190 159
f 190 191 159
f 159 191 160
f 191 192 160
f 160 192 129
f 192 161 129
f 161 193 162
f 193 194 162
f 162 194 163
f 194 195 163
f 163 195 164
f 195 196 164
f 164 196 165
f 196 197 165
f 165 197 166
f 197 198 166
f 166 198 167
f 198 199 167
f 167 199 168
f 199 200 168
f 168 200 169
f 200 201 169
f 169 201 170
f 201 202 170
f 170 202 171
f 202 203 171
f 171 203 172
f 203 204 172
f 172 204 173
f 204 205 173
f 173 205 174
f 205 206 174
f 174 206 175
f 206 207 175
f 175 207 176
f 207 208 176
f 176 208 177
f 208 209 177
f 177 209 178
f 209 210 178
f 178 210 179
f 210 211 179
f 179 211 180
f 211 212 180
f 180 212 181
f 212 213 181
f 181 213 182
f 213 214 182
f 182 214 183
f 214 215 183
f 183 215 184
f 215 216 184
f 184 216 185
f 216 217 185
f 185 217 186
f 217 218 186
f 186 218 187
f 218 219 187
f 187 219 188
f 219 220 188
f 188 220 189
f 220 221 189
f 189 221 190
f 221 222 190
f 190 222 191
f 222 223 191
f 191 223 192
f 223 224 192
f 192 224 161
f 224 193 161
f 193 225 194
f 225 226 194
f 194 226 195
f 226 227 195
f 195 227 196
f 227 228 196
f 196 228 197
f 228 229 197
f 197 229 198
f 229 230 198
f 198 230 199
f 230 231 199
f 199 231 200
f 231 232 200
f 200 232 201
f 232 233 201
f 201 233 202
f 233 234 202
f 202 234 203
f 234 235 203
f 203 235 204
f 235 236 204
f 204 236 205
f 236 237 205
f 205 237 206
f 237 238 206
f 206 238 207
f 238 239 207
f 207 239 208
f 239 240 208
f 208 240 209
f 240 241 209
f 209 241 210
f 241 242 210
f 210 242 211
f 242 243 211
f 211 243 212
f 243 244 212
f 212 244 213
f 244 245 213
f 213 245 214
f 245 246 214
f 214 246 215
f 246 247 215
f 215 247 216
f 247 248 216
f 216 248 217
f 248 249 217
f 217 249 218
f 249 250 218
f 218 250 219
f 250 251 219
f 219 251 220
f 251 252 220
f 220 252 221
f 252 253 221
f 221 253 222
f 253 254 222
f 222 254 223
f 254 255 223
f 223 255 224
f 255 256 224
f 224 256 193
f 256 225 193
f 225 257 226
f 257 258 226
f 226 258 227
f 258 259 227
f 227 259 228
f 259 260 228
f 228 260 229
f 260 261 229
f 229 261 230
f 261 262 230
f 230 262 231
f 262 263 231
f 231 263 232
f 263 264 232
f 232 264 233
f 264 265 233
f 233 265 234
f 265 266 234
f 234 266 235
f 266 267 235
f 235 267 236
f 267 268 236
f 236 268 237
f 268 269 237
f 237 269 238
f 269 270 238
f 238 270 239
f 270 271 239
f 239 271 240
f 271 272 240
f 240 272 241
f 272 273 241
f 241 273 242
f 273 274 242
f 242 274 243
f 274 275 243
f 243 275 244
f 275 276 244
f 244 276 245
f 276 277 245
f 245 277 246
f 277 278 246
f 246 278 247
f 278 279 247
f 247 279 248
f 279 280 248
f 248 280 249
f 280 281 249
f 249 281 250
f 281 282 250
f 250 282 251
f 282 283 251
f 251 283 252
f 283 284 252
f 252 284 253
f 284 285 253
f 253 285 254
f 285 286 254
f 254 286 255
f 286 287 255
f 255 287 256
f 287 288 256
f 256 288 225
f 288 257 225
f 257 289 258
f 289 290 258
f 258 290 259
f 290 291 259
f 259 291 260
f 291 292 260
f 260 292 261
f 292 293 261
f 261 293 262
f 293 294 262
f 262 294 263
f 294 295 263
f 263 295 264
f 295 296 264
f 264 296 265
f 296 297 265
f 265 297 266
f 297 298 266
f 266 298 267
f 298 299 267
f 267 299 268
f 299 300 268
f 268 300 269
f 300 301 269
f 269 301 270
f 301 302 270
f 270 302 271
f 302 303 271
f 271 303 272
f 303 304 272
f 272 304 273
f 304 305 273
f 273 305 274
f 305 306 274
f 274 306 275
f 306 307 275
f 275 307 276
f 307 308 276
f 276 308 277
f 308 309 277
f 277 309 278
f 309 310 278
f 278 310 279
f 310 311 279
f 279 311 280
f 311 312 280
f 280 312 281
f 312 313 281
f 281 313 282
f 313 314 282
f 282 314 283
f 314 315 283
f 283 315 284
f 315 316 284
f 284 316 285
f 316 317 285
f 285 317 286
f 317 318 286
f 286 318 287
f 318 319 287
f 287 319 288
f 319 320 288
f 288 320 257
f 320 289 257
f 289 321 290
f 321 322 290
f 290 322 291
f 322 323 291
f 291 323 292
f 323 324 292
f 292 324 293
f 324 325 293
f 293 325 294
f 325 326 294
f 294 326 295
f 326 327 295
f 295 327 296
f 327 328 296
f 296 328 297
f 328 329 297
f 297 329 298
f 329 330 298
f 298 330 299
f 330 331 299
f 299 331 300
f 331 332 300
f 300 332 301
f 332 333 301
f 301 333 302
f 333 334 302
f 302 334 303
f 334 335 303
f 303 335 304
f 335 336 304
f 304 336 305
f 336 337 305
f 305 337 306
f 337 338 306
f 306 338 307
f 338 339 307
f 307 339 308
f 339 340 308
f 308 340 309
f 340 341 309
f 309 341 310
f 341 342 310
f 310 342 311
f 342 343 311
f 311 343 312
f 343 344 312
f 312 344 313
f 344 345 313
f 313 345 314
f 345 346 314
f 314 346 315
f 346 347 315
f 315 347 316
f 347 348 316
f 316 348 317
f 348 349 317
f 317 349 318
f 349 350 318
f 318 350 319
f 350 351 319
f 319 351 320
f 351 352 320
f 320 352 289
f 352 321 289
f 321 353 322
f 353 354 322
f 322 354 323
f 354 355 323
f 323 355 324
f 355 356 324
f 324 356 325
f 356 357 325
f 325 357 326
f 357 358 326
f 326 358 327
f 358 359 327
f 327 359 328
f 359 360 328
f 328 360 329
f 360 361 329
f 329 361 330
f 361 362 330
f 330 362 331
f 362 363 331
f 331 363 332
f 363 364 332
f 332 364 333
f 364 365 333
f 333 365 334
f 365 366 334
f 334 366 335
f 366 367 335
f 335 367 336
f 367 368 336
f 336 368 337
f 368 369 337
f 337 369 338
f 369 370 338
f 338 370 339
f 370 371 339
f 339 371 340
f 371 372 340
f 340 372 341
f 372 373 341
f 341 373 342
f 373 374 342
f 342 374 343
f 374 375 343
f 343 375 344
f 375 376 344
f 344 376 345
f 376 377 345
f 345 377 346
f 377 378 346
f 346 378 347
f 378 379 347
f 347 379 348
f 379 380 348
f 348 380 349
f 380 381 349
f 349 381 350
f 381 382 350
f 350 382 351
f 382 383 351
f 351 383 352
f 383 384 352
f 352 384 321
f 384 353 321
f 353 385 354
f 385 386 354
f 354 386 355
f 386 387 355
f 355 387 356
f 387 388 356
f 356 388 357
f 388 389 357
f 357 389 358
f 389 390 358
f 358 390 359
f 390 391 359
f 359 391 360
f 391 392 360
f 360 392 361
f 392 393 361
f 361 393 362
f 393 394 362
f 362 394 363
f 394 395 363
f 363 395 364
f 395 396 364
f 364 396 365
f 396 397 365
f 365 397 366
f 397 398 366
f 366 398 367
f 398 399 367
f 367 399 368
f 399 400 368
f 368 400 369
f 400 401 369
f 369 401 370
f 401 402 370
f 370 402 371
f 402 403 371
f 371 403 372
f 403 404 372
f 372 404 373
f 404 405 373
f 373 405 374
f 405 406 374
f 374 406 375
f 406 407 375
f 375 407 376
f 407 408 376
f 376 408 377
f 408 409 377
f 377 409 378
f 409 410 378
f 378 410 379
f 410 411 379
f 379 411 380
f 411 412 380
f 380 412 381
f 412 413 381
f 381 413 382
f 413 414 382
f 382 414 383
f 414 415 383
f 383 415 384
f 415 416 384
f 384 416 353
f 416 385 353
f 385 417 386
f 417 418 386
f 386 418 387
f 418 419 387
f 387 419 388
f 419 420 388
f 388 420 389
f 420 421 389
f 389 421 390
f 421 422 390
f 390 422 391
f 422 423 391
f 391 423 392
f 423 424 392
f 392 424 393
f 424 425 393
f 393 425 394
f 425 426 394
f 394 426 395
f 426 427 395
f 395 427 396
f 427 428 396
f 396 428 397
f 428 429 397
f 397 429 398
f 429 430 398
f 398 430 399
f 430 431 399
f 399 431 400
f 431 432 400
f 400 432 401
f 432 433 401
f 401 433 402
f 433 434 402
f 402 434 403
f 434 435 403
f 403 435 404
f 435 436 404
f 404 436 405
f 436 437 405
f 405 437 406
f 437 438 406
f 406 438 407
f 438 439 407
f 407 439 408
f 439 440 408
f 408 440 409
f 440 441 409
f 409 441 410
f 441 442 410
f 410 442 411
f 442 443 411
f 411 443 412
f 443 444 412
f 412 444 413
f 444 445 413
f 413 445 414
f 445 446 414
f 414 446 415
f 446 447 415
f 415 447 416
f 447 448 416
f 416 448 385
f 448 417 385
f 417 449 418
f 449 450 418
f 418 450 419
f 450 451 419
f 419 451 420
f 451 452 420
f 420 452 421
f 452 453 421
f 421 453 422
f 453 454 422
f 422 454 423
f 454 455 423
f 423 455 424
f 455 456 424
f 424 456 425
f 456 457 425
f 425 457 426
f 457 458 426
f 426 458 427
f 458 459 427
f 427 459 428
f 459 460 428
f 428 460 429
f 460 461 429
f 429 461 430
f 461 462 430
f 430 462 431
f 462 463 431
f 431 463 432
f 463 464 432
f 432 464 433
f 464 465 433
f 433 465 434
f 465 466 434
f 434 466 435
f 466 467 435
f 435 467 436
f 467 468 436
f 436 468 437
f 468 469 437
f 437 469 438
f 469 470 438
f 438 470 439
f 470 471 439
f 439 471 440
f 471 472 440
f 440 472 441
f 472 473 441
f 441 473 442
f 473 474 442
f 442 474 443
f 474 475 443
f 443 475 444
f 475 476 444
f 444 476 445
f 476 477 445
f 445 477 446
f 477 478 446
f 446 478 447
f 478 479 447
f 447 479 448
f 479 480 448
f 448 480 417
f 480 449 417
f 449 481 450
f 481 482 450
f 450 482 451
f 482 483 451
f 451 483 452
f 483 484 452
f 452 484 453
f 484 485 453
f 453 485 454
f 485 486 454
f 454 486 455
f 486 487 455
f 455 487 456
f 487 488 456
f 456 488 457
f 488 489 457
f 457 489 458
f 489 490 458
f 458 490 459
f 490 491 459
f 459 491 460
f 491 492 460
f 460 492 461
f 492 493 461
f 461 493 462
f 493 494 462
f 462 494 463
f 494 495 463
f 463 495 464
f 495 496 464
f 464 496 465
f 496 497 465
f 465 497 466
f 497 498 466
f 466 498 467
f 498 499 467
f 467 499 468
f 499 500 468
f 468 500 469
f 500 501 469
f 469 501 470
f 501 502 470
f 470 502 471
f 502 503 471
f 471 503 472
f 503 504 472
f 472 504 473
f 504 505 473
f 473 505 474
f 505 506 474
f 474 506 475
f 506 507 475
f 475 507 476
f 507 508 476
f 476 508 477
f 508 509 477
f 477 509 478
f 509 510 478
f 478 510 479
f 510 511 479
f 479 511 480
f 511 512 480
f 480 512 449
f 512 481 449
f 481 513 482
f 513 514 482
f 482 514 483
f 514 515 483
f 483 515 484
f 515 516 484
f 484 516 485
f 516 517 485
f 485 517 486
f 517 518 486
f 486 518 487
f 518 519 487
f 487 519 488
f 519 520 488
f 488 520 489
f 520 521 489
f 489 521 490
f 521 522 490
f 490 522 491
f 522 523 491
f 491 523 492
f 523 524 492
f 492 524 493
f 524 525 493
f 493 525 494
f 525 526 494
f 494 526 495
f 526 527 495
f 495 527 496
f 527 528 496
f 496 528 497
f 528 529 497
f 497 529 498
f 529 530 498
f 498 530 499
f 530 531 499
f 499 531 500
f 531 532 500
f 500 532 501
f 532 533 501
f 501 533 502
f 533 534 502
f 502 534 503
f 534 535 503
f 503 535 504
f 535 536 504
f 504 536 505
f 536 537 505
f 505 537 506
f 537 538 506
f 506 538 507
f 538 539 507
f 507 539 508
f 539 540 508
f 508 540 509
f 540 541 509
f 509 541 510
f 541 542 510
f 510 542 511
f 542 543 511
f 511 543 512
f 543 544 512
f 512 544 481
f 544 513 481
f 513 545 514
f 545 546 514
f 514 546 515
f 546 547 515
f 515 547 516
f 547 548 516
f 516 548 517
f 548 549 517
f 517 549 518
f 549 550 518
f 518 550 519
f 550 551 519
f 519 551 520
f 551 552 520
f 520 552 521
f 552 553 521
f 521 553 522
f 553 554 522
f 522 554 523
f 554 555 523
f 523 555 524
f 555 556 524
f 524 556 525
f 556 557 525
f 525 557 526
f 557 558 526
f 526 558 527
f 558 559 527
f 527 559 528
f 559 560 528
f 528 560 529
f 560 561 529
f 529 561 530
f 561 562 530
f 530 562 531
f 562 563 531
f 531 563 532
f 563 564 532
f 532 564 533
f 564 565 533
f 533 565 534
f 565 566 534
f 534 566 535
f 566 567 535
f 535 567 536
f 567 568 536
f 536 568 537
f 568 569 537
f 537 569 538
f 569 570 538
f 538 570 539
f 570 571 539
f 539 571 540
f 571 572 540
f 540 572 541
f 572 573 541
f 541 573 542
f 573 574 542
f 542 574 543
f 574 575 543
f 543 575 544
f 575 576 544
f 544 576 513
f 576 545 513
f 545 577 546
f 577 578 546
f 546 578 547
f 578 579 547
f 547 579 548
f 579 580 548
f 548 580 549
f 580 581 549
f 549 581 550
f 581 582 550
f 550 582 551
f 582 583 551
f 551 583 552
f 583 584 552
f 552 584 553
f 584 585 553
f 553 585 554
f 585 586 554
f 554 586 555
f 586 587 555
f 555 587 556
f 587 588 556
f 556 588 557
f 588 589 557
f 557 589 558
f 589 590 558
f 558 590 559
f 590 591 559
f 559 591 560
f 591 592 560
f 560 592 561
f 592 593 561
f 561 593 562
f 593 594 562
f 562 594 563
f 594 595 563
f 563 595 564
f 595 596 564
f 564 596 565
f 596 597 565
f 565 597 566
f 597 598 566
f 566 598 567
f 598 599 567
f 567 599 568
f 599 600 568
f 568 600 569
f 600 601 569
f 569 601 570
f 601 602 570
f 570 602 571
f 602 603 571
f 571 603 572
f 603 604 572
f 572 604 573
f 604 605 573
f 573 605 574
f 605 606 574
f 574 606 575
f 606 607 575
f 575 607 576
f 607 608 576
f 576 608 545
f 608 577 545
f 577 609 578
f 609 610 578
f 578 610 579
f 610 611 579
f 579 611 580
f 611 612 580
f 580 612 581
f 612 613 581
f 581 613 582
f 613 614 582
f 582 614 583
f 614 615 583
f 583 615 584
f 615 616 584
f 584 616 585
f 616 617 585
f 585 617 586
f 617 618 586
f 586 618 587
f 618 619 587
f 587 619 588
f 619 620 588
f 588 620 589
f 620 621 589
f 589 621 590
f 621 622 590
f 590 622 591
f 622 623 591
f 591 623 592
f 623 624 592
f 592 624 593
f 624 625 593
f 593 625 594
f 625 626 594
f 594 626 595
f 626 627 595
f 595 627 596
f 627 628 596
f 596 628 597
f 628 629 597
f 597 629 598
f 629 630 598
f 598 630 599
f 630 631 599
f 599 631 600
f 631 632 600
f 600 632 601
f 632 633 601
f 601 633 602
f 633 634 602
f 602 634 603
f 634 635 603
f 603 635 604
f 635 636 604
f 604 636 605
f 636 637 605
f 605 637 606
f 637 638 606
f 606 638 607
f 638 639 607
f 607 639 608
f 639 640 608
f 608 640 577
f 640 609 577
f 609 641 610
f 641 642 610
f 610 642 611
f 642 643 611
f 611 643 612
f 643 644 612
f 612 644 613
f 644 645 613
f 613 645 614
f 645 646 614
f 614 646 615
f 646 647 615
f 615 647 616
f 647 648 616
f 616 648 617
f 648 649 617
f 617 649 618
f 649 650 618
f 618 650 619
f 650 651 619
f 619 651 620
f 651 652 620
f 620 652 621
f 652 653 621
f 621 653 622
f 653 654 622
f 622 654 623
f 654 655 623
f 623 655 624
f 655 656 624
f 624 656 625
f 656 657 625
f 625 657 626
f 657 658 626
f 626 658 627
f 658 659 627
f 627 659 628
f 659 660 628
f 628 660 629
f 660 661 629
f 629 661 630
f 661 662 630
f 630 662 631
f 662 663 631
f 631 663 632
f 663 664 632
f 632 664 633
f 664 665 633
f 633 665 634
f 665 666 634
f 634 666 635
f 666 667 635
f 635 667 636
f 667 668 636
f 636 668 637
f 668 669 637
f 637 669 638
f 669 670 638
f 638 670 639
f 670 671 639
f 639 671 640
f 671 672 640
f 640 672 609
f 672 641 609
f 641 673 642
f 673 674 642
f 642 674 643
f 674 675 643
f 643 675 644
f 675 676 644
f 644 676 645
f 676 677 645
f 645 677 646
f 677 678 646
f 646 678 647
f 678 679 647
f 647 679 648
f 679 680 648
f 648 680 649
f 680 681 649
f 649 681 650
f 681 682 650
f 650 682 651
f 682 683 651
f 651 683 652
f 683 684 652
f 652 684 653
f 684 685 653
f 653 685 654
f 685 686 654
f 654 686 655
f 686 687 655
f 655 687 656
f 687 688 656
f 656 688 657
f 688 689 657
f 657 689 658
f 689 690 658
f 658 690 659
f 690 691 659
f 659 691 660
f 691 692 660
f 660 692 661
f 692 693 661
f 661 693 662
f 693 694 662
f 662 694 663
f 694 695 663
f 663 695 664
f 695 696 664
f 664 696 665
f 696 697 665
f 665 697 666
f 697 698 666
f 666 698 667
f 698 699 667
f 667 699 668
f 699 700 668
f 668 700 669
f 700 701 669
f 669 701 670
f 701 702 670
f 670 702 671
f 702 703 671
f 671 703 672
f 703 704 672
f 672 704 641
f 704 673 641
f 673 705 674
f 705 706 674
f 674 706 675
f 706 707 675
f 675 707 676
f 707 708 676
f 676 708 677
f 708 709 677
f 677 709 678
f 709 710 678
f 678 710 679
f 710 711 679
f 679 711 680
f 711 712 680
f 680 712 681
f 712 713 681
f 681 713 682
f 713 714 682
f 682 714 683
f 714 715 683
f 683 715 684
f 715 716 684
f 684 716 685
f 716 717 685
f 685 717 686
f 717 718 686
f 686 718 687
f 718 719 687
f 687 719 688
f 719 720 688
f 688 720 689
f 720 721 689
f 689 721 690
f 721 722 690
f 690 722 691
f 722 723 691
f 691 723 692
f 723 724 692
f 692 724 693
f 724 725 693
f 693 725 694
f 725 726 694
f 694 726 695
f 726 727 695
f 695 727 696
f 727 728 696
f 696 728 697
f 728 729 697
f 697 729 698
f 729 730 698
f 698 730 699
f 730 731 699
f 699 731 700
f 731 732 700
f 700 732 701
f 732 733 701
f 701 733 702
f 733 734 702
f 702 734 703
f 734 735 703
f 703 735 704
f 735 736 704
f 704 736 673
f 736 705 673
f 705 737 706
f 737 738 706
f 706 738 707
f 738 739 707
f 707 739 708
f 739 740 708
f 708 740 709
f 740 741 709
f 709 741 710
f 741 742 710
f 710 742 711
f 742 743 711
f 711 743 712
f 743 744 712
f 712 744 713
f 744 745 713
f 713 745 714
f 745 746 714
f 714 746 715
f 746 747 715
f 715 747 716
f 747 748 716
f 716 748 717
f 748 749 717
f 717 749 718
f 749 750 718
f 718 750 719
f 750 751 719
f 719 751 720
f 751 752 720
f 720 752 721
f 752 753 721
f 721 753 722
f 753 754 722
f 722 754 723
f 754 755 723
f 723 755 724
f 755 756 724
f 724 756 725
f 756 757 725
f 725 757 726
f 757 758 726
f 726 758 727
f 758 759 727
f 727 759 728
f 759 760 728
f 728 760 729
f 760 761 729
f 729 761 730
f 761 762 730
f 730 762 731
f 762 763 731
f 731 763 732
f 763 764 732
f 732 764 733
f 764 765 733
f 733 765 734
f 765 766 734
f 734 766 735
f 766 767 735
f 735 767 736
f 767 768 736
f 736 768 705
f 768 737 705
f 737 769 738
f 769 770 738
f 738 770 739
f 770 771 739
f 739 771 740
f 771 772 740
f 740 772 741
f 772 773 741
f 741 773 742
f 773 774 742
f 742 774 743
f 774 775 743
f 743 775 744
f 775 776 744
f 744 776 745
f 776 777 745
f 745 777 746
f 777 778 746
f 746 778 747
f 778 779 747
f 747 779 748
f 779 780 748
f 748 780 749
f 780 781 749
f 749 781 750
f 781 782 750
f 750 782 751
f 782 783 751
f 751 783 752
f 783 784 752
f 752 784 753
f 784 785 753
f 753 785 754
f 785 786 754
f 754 786 755
f 786 787 755
f 755 787 756
f 787 788 756
f 756 788 757
f 788 789 757
f 757 789 758
f 789 790 758
f 758 790 759
f 790 791 759
f 759 791 760
f 791 792 760
f 760 792 761
f 792 793 761
f 761 793 762
f 793 794 762
f 762 794 763
f 794 795 763
f 763 795 764
f 795 796 764
f 764 796 765
f 796 797 765
f 765 797 766
f 797 798 766
f 766 798 767
f 798 799 767
f 767 799 768
f 799 800 768
f 768 800 737
f 800 769 737
f 769 801 770
f 801 802 770
f 770 802 771
f 802 803 771
f 771 803 772
f 803 804 772
f 772 804 773
f 804 805 773
f 773 805 774
f 805 806 774
f 774 806 775
f 806 807 775
f 775 807 776
f 807 808 776
f 776 808 777
f 808 809 777
f 777 809 778
f 809 810 778
f 778 810 779
f 810 811 779
f 779 811 780
f 811 812 780
f 780 812 781
f 812 813 781
f 781 813 782
f 813 814 782
f 782 814 783
f 814 815 783
f 783 815 784
f 815 816 784
f 784 816 785
f 816 817 785
f 785 817 786
f 817 818 786
f 786 818 787
f 818 819 787
f 787 819 788
f 819 820 788
f 788 820 789
f 820 821 789
f 789 821 790
f 821 822 790
f 790 822 791
f 822 823 791
f 791 823 792
f 823 824 792
f 792 824 793
f 824 825 793
f 793 825 794
f 825 826 794
f 794 826 795
f 826 827 795
f 795 827 796
f 827 828 796
f 796 828 797
f 828 829 797
f 797 829 798
f 829 830 798
f 798 830 799
f 830 831 799
f 799 831 800
f 831 832 800
f 800 832 769
f 832 801 769
f 801 833 802
f 833 834 802
f 802 834 803
f 834 835 803
f 803 835 804
f 835 836 804
f 804 836 805
f 836 837 805
f 805 837 806
f 837 838 806
f 806 838 807
f 838 839 807
f 807 839 808
f 839 840 808
f 808 840 809
f 840 841 809
f 809 841 810
f 841 842 810
f 810 842 811
f 842 843 811
f 811 843 812
f 843 844 812
f 812 844 813
f 844 845 813
f 813 845 814
f 845 846 814
f 814 846 815
f 846 847 815
f 815 847 816
f 847 848 816
f 816 848 817
f 848 849 817
f 817 849 818
f 849 850 818
f 818 850 819
f 850 851 819
f 819 851 820
f 851 852 820
f 820 852 821
f 852 853 821
f 821 853 822
f 853 854 822
f 822 854 823
f 854 855 823
f 823 855 824
f 855 856 824
f 824 856 825
f 856 857 825
f 825 857 826
f 857 858 826
f 826 858 827
f 858 859 827
f 827 859 828
f 859 860 828
f 828 860 829
f 860 861 829
f 829 861 830
f 861 862 830
f 830 862 831
f 862 863 831
f 831 863 832
f 863 864 832
f 832 864 801
f 864 833 801
f 833 865 834
f 865 866 834
f 834 866 835
f 866 867 835
f 835 867 836
f 867 868 836
f 836 868 837
f 868 869 837
f 837 869 838
f 869 870 838
f 838 870 839
f 870 871 839
f 839 871 840
f 871 872 840
f 840 872 841
f 872 873 841
f 841 873 842
f 873 874 842
f 842 874 843
f 874 875 843
f 843 875 844
f 875 876 844
f 844 876 845
f 876 877 845
f 845 877 846
f 877 878 846
f 846 878 847
f 878 879 847
f 847 879 848
f 879 880 848
f 848 880 849
f 880 881 849
f 849 881 850
f 881 882 850
f 850 882 851
f 882 883 851
f 851 883 852
f 883 884 852
f 852 884 853
f 884 885 853
f 853 885 854
f 885 886 854
f 854 886 855
f 886 887 855
f 855 887 856
f 887 888 856
f 856 888 857
f 888 889 857
f 857 889 858
f 889 890 858
f 858 890 859
f 890 891 859
f 859 891 860
f 891 892 860
f 860 892 861
f 892 893 861
f 861 893 862
f 893 894 862
f 862 894 863
f 894 895 863
f 863 895 864
f 895 896 864
f 864 896 833
f 896 865 833
f 865 897 866
f 897 898 866
f 866 898 867
f 898 899 867
f 867 899 868
f 899 900 868
f 868 900 869
f 900 901 869
f 869 901 870
f 901 902 870
f 870 902 871
f 902 903 871
f 871 903 872
f 903 904 872
f 872 904 873
f 904 905 873
f 873 905 874
f 905 906 874
f 874 906 875
f 906 907 875
f 875 907 876
f 907 908 876
f 876 908 877
f 908 909 877
f 877 909 878
f 909 910 878
f 878 910 879
f 910 911 879
f 879 911 880
f 911 912 880
f 880 912 881
f 912 913 881
f 881 913 882
f 913 914 882
f 882 914 883
f 914 915 883
f 883 915 884
f 915 916 884
f 884 916 885
f 916 917 885
f 885 917 886
f 917 918 886
f 886 918 887
f 918 919 887
f 887 919 888
f 919 920 888
f 888 920 889
f 920 921 889
f 889 921 890
f 921 922 890
f 890 922 891
f 922 923 891
f 891 923 892
f 923 924 892
f 892 924 893
f 924 925 893
f 893 925 894
f 925 926 894
f 894 926 895
f 926 927 895
f 895 927 896
f 927 928 896
f 896 928 865
f 928 897 865
f 897 929 898
f 929 930 898
f 898 930 899
f 930 931 899
f 899 931 900
f 931 932 900
f 900 932 901
f 932 933 901
f 901 933 902
f 933 934 902
f 902 934 903
f 934 935 903
f 903 935 904
f 935 936 904
f 904 936 905
f 936 937 905
f 905 937 906
f 937 938 906
f 906 938 907
f 938 939 907
f 907 939 908
f 939 940 908
f 908 940 909
f 940 941 909
f 909 941 910
f 941 942 910
f 910 942 911
f 942 943 911
f 911 943 912
f 943 944 912
f 912 944 913
f 944 945 913
f 913 945 914
f 945 946 914
f 914 946 915
f 946 947 915
f 915 947 916
f 947 948 916
f 916 948 917
f 948 949 917
f 917 949 918
f 949 950 918
f 918 950 919
f 950 951 919
f 919 951 920
f 951 952 920
f 920 952 921
f 952 953 921
f 921 953 922
f 953 954 922
f 922 954 923
f 954 955 923
f 923 955 924
f 955 956 924
f 924 956 925
f 956 957 925
f 925 957 926
f 957 958 926
f 926 958 927
f 958 959 927
f 927 959 928
f 959 960 928
f 928 960 897
f 960 929 897
f 929 961 930
f 961 962 930
f 930 962 931
f 962 963 931
f 931 963 932
f 963 964 932
f 932 964 933
f 964 965 933
f 933 965 934
f 965 966 934
f 934 966 935
f 966 967 935
f 935 967 936
f 967 968 936
f 936 968 937
f 968 969 937
f 937 969 938
f 969 970 938
f 938 970 939
f 970 971 939
f 939 971 940
f 971 972 940
f 940 972 941
f 972 973 941
f 941 973 942
f 973 974 942
f 942 974 943
f 974 975 943
f 943 975 944
f 975 976 944
f 944 976 945
f 976 977 945
f 945 977 946
f 977 978 946
f 946 978 947
f 978 979 947
f 947 979 948
f 979 980 948
f 948 980 949
f 980 981 949
f 949 981 950
f 981 982 950
f 950 982 951
f 982 983 951
f 951 983 952
f 983 984 952
f 952 984 953
f 984 985 953
f 953 985 954
f 985 986 954
f 954 986 955
f 986 987 955
f 955 987 956
f 987 988 956
f 956 988 957
f 988 989 957
f 957 989 958
f 989 990 958
f 958 990 959
f 990 991 959
f 959 991 960
f 991 992 960
f 960 992 929
f 992 961 929
f 961 993 962
f 993 994 962
f 962 994 963
f 994 995 963
f 963 995 964
f 995 996 964
f 964 996 965
f 996 997 965
f 965 997 966
f 997 998 966
f 966 998 967
f 998 999 967
f 967 999 968
f 999 1000 968
f 968 1000 969
f 1000 1001 969
f 969 1001 970
f 1001 1002 970
f 970 1002 971
f 1002 1003 971
f 971 1003 972
f 1003 1004 972
f 972 1004 973
f 1004 1005 973
f 973 1005 974
f 1005 1006 974
f 974 1006 975
f 1006 1007 975
f 975 1007 976
f 1007 1008 976
f 976 1008 977
f 1008 1009 977
f 977 1009 978
f 1009 1010 978
f 978 1010 979
f 1010 1011 979
f 979 1011 980
f 1011 1012 980
f 980 1012 981
f 1012 1013 981
f 981 1013 982
f 1013 1014 982
f 982 1014 983
f 1014 1015 983
f 983 1015 984
f 1015 1016 984
f 984 1016 985
f 1016 1017 985
f 985 1017 986
f 1017 1018 986
f 986 1018 987
f 1018 1019 987
f 987 1019 988
f 1019 1020 988
f 988 1020 989
f 1020 1021 989
f 989 1021 990
f 1021 1022 990
f 990 1022 991
f 1022 1023 991
f 991 1023 992
f 1023 1024 992
f 992 1024 961
f 1024 993 961
f 993 1025 994
f 1025 1026 994
f 994 1026 995
f 1026 1027 995
f 995 1027 996
f 1027 1028 996
f 996 1028 997
f 1028 1029 997
f 997 1029 998
f 1029 1030 998
f 998 1030 999
f 1030 1031 999
f 999 1031 1000
f 1031 1032 1000
f 1000 1032 1001
f 1032 1033 1001
f 1001 1033 1002
f 1033 1034 1002
f 1002 1034 1003
f 1034 1035 1003
f 1003 1035 1004
f 1035 1036 1004
f 1004 1036 1005
f 1036 1037 1005
f 1005 1037 1006
f 1037 1038 1006
f 1006 1038 1007
f 1038 1039 1007
f 1007 1039 1008
f 1039 1040 1008
f 1008 1040 1009
f 1040 1041 1009
f 1009 1041 1010
f 1041 1042 1010
f 1010 1042 1011
f 1042 1043 1011
f 1011 1043 1012
f 1043 1044 1012
f 1012 1044 1013
f 1044 1045 1013
f 1013 1045 1014
f 1045 1046 1014
f 1014 1046 1015
f 1046 1047 1015
f 1015 1047 1016
f 1047 1048 1016
f 1016 1048 1017
f 1048 1049 1017
f 1017 1049 1018
f 1049 1050 1018
f 1018 1050 1019
f 1050 1051 1019
f 1019 1051 1020
f 1051 1052 1020
f 1020 1052 1021
f 1052 1053 1021
f 1021 1053 1022
f 1053 1054 1022
f 1022 1054 1023
f 1054 1055 1023
f 1023 1055 1024
f 1055 1056 1024
f 1024 1056 993
f 1056 1025 993
f 1025 1057 1026
f 1057 1058 1026
f 1026 1058 1027
f 1058 1059 1027
f 1027 1059 1028
f 1059 1060 1028
f 1028 1060 1029
f 1060 1061 1029
f 1029 1061 1030
f 1061 1062 1030
f 1030 1062 1031
f 1062 1063 1031
f 1031 1063 1032
f 1063 1064 1032
f 1032 1064 1033
f 1064 1065 1033
f 1033 1065 1034
f 1065 1066 1034
f 1034 1066 1035
f 1066 1067 1035
f 1035 1067 1036
f 1067 1068 1036
f 1036 1068 1037
f 1068 1069 1037
f 1037 1069 1038
f 1069 1070 1038
f 1038 1070 1039
f 1070 1071 1039
f 1039 1071 1040
f 1071 1072 1040
f 1040 1072 1041
f 1072 1073 1041
f 1041 1073 1042
f 1073 1074 1042
f 1042 1074 1043
f 1074 1075 1043
f 1043 1075 1044
f 1075 1076 1044
f 1044 1076 1045
f 1076 1077 1045
f 1045 1077 1046
f 1077 1078 1046
f 1046 1078 1047
f 1078 1079 1047
f 1047 1079 1048
f 1079 1080 1048
f 1048 1080 1049
f 1080 1081 1049
f 1049 1081 1050
f 1081 1082 1050
f 1050 1082 1051
f 1082 1083 1051
f 1051 1083 1052
f 1083 1084 1052
f 1052 1084 1053
f 1084 1085 1053
f 1053 1085 1054
f 1085 1086 1054
f 1054 1086 1055
f 1086 1087 1055
f 1055 1087 1056
f 1087 1088 1056
f 1056 1088 1025
f 1088 1057 1025
f 1057 1089 1058
f 1089 1090 1058
f 1058 1090 1059
f 1090 1091 1059
f 1059 1091 1060
f 1091 1092 1060
f 1060 1092 1061
f 1092 1093 1061
f 1061 1093 1062
f 1093 1094 1062
f 1062 1094 1063
f 1094 1095 1063
f 1063 1095 1064
f 1095 1096 1064
f 1064 1096 1065
f 1096 1097 1065
f 1065 1097 1066
f 1097 1098 1066
f 1066 1098 1067
f 1098 1099 1067
f 1067 1099 1068
f 1099 1100 1068
f 1068 1100 1069
f 1100 1101 1069
f 1069 1101 1070
f 1101 1102 1070
f 1070 1102 1071
f 1102 1103 1071
f 1071 1103 1072
f 1103 1104 1072
f 1072 1104 1073
f 1104 1105 1073
f 1073 1105 1074
f 1105 1106 1074
f 1074 1106 1075
f 1106 1107 1075
f 1075 1107 1076
f 1107 1108 1076
f 1076 1108 1077
f 1108 1109 1077
f 1077 1109 1078
f 1109 1110 1078
f 1078 1110 1079
f 1110 1111 1079
f 1079 1111 1080
f 1111 1112 1080
f 1080 1112 1081
f 1112 1113 1081
f 1081 1113 1082
f 1113 1114 1082
f 1082 1114 1083
f 1114 1115 1083
f 1083 1115 1084
f 1115 1116 1084
f 1084 1116 1085
f 1116 1117 1085
f 1085 1117 1086
f 1117 1118 1086
f 1086 1118 1087
f 1118 1119 1087
f 1087 1119 1088
f 1119 1120 1088
f 1088 1120 1057
f 1120 1089 1057
f 1089 1121 1090
f 1121 1122 1090
f 1090 1122 1091
f 1122 1123 1091
f 1091 1123 1092
f 1123 1124 1092
f 1092 1124 1093
f 1124 1125 1093
f 1093 1125 1094
f 1125 1126 1094
f 1094 1126 1095
f 1126 1127 1095
f 1095 1127 1096
f 1127 1128 1096
f 1096 1128 1097
f 1128 1129 1097
f 1097 1129 1098
f 1129 1130 1098
f 1098 1130 1099
f 1130 1131 1099
f 1099 1131 1100
f 1131 1132 1100
f 1100 1132 1101
f 1132 1133 1101
f 1101 1133 1102
f 1133 1134 1102
f 1102 1134 1103
f 1134 1135 1103
f 1103 1135 1104
f 1135 1136 1104
f 1104 1136 1105
f 1136 1137 1105
f 1105 1137 1106
f 1137 1138 1106
f 1106 1138 1107
f 1138 1139 1107
f 1107 1139 1108
f 1139 1140 1108
f 1108 1140 1109
f 1140 1141 1109
f 1109 1141 1110
f 1141 1142 1110
f 1110 1142 1111
f 1142 1143 1111
f 1111 1143 1112
f 1143 1144 1112
f 1112 1144 1113
f 1144 1145 1113
f 1113 1145 1114
f 1145 1146 1114
f 1114 1146 1115
f 1146 1147 1115
f 1115 1147 1116
f 1147 1148 1116
f 1116 1148 1117
f 1148 1149 1117
f 1117 1149 1118
f 1149 1150 1118
f 1118 1150 1119
f 1150 1151 1119
f 1119 1151 1120
f 1151 1152 1120
f 1120 1152 1089
f 1152 1121 1089
f 1121 1153 1122
f 1153 1154 1122
f 1122 1154 1123
f 1154 1155 1123
f 1123 1155 1124
f 1155 1156 1124
f 1124 1156 1125
f 1156 1157 1125
f 1125 1157 1126
f 1157 1158 1126
f 1126 1158 1127
f 1158 1159 1127
f 1127 1159 1128
f 1159 1160 1128
f 1128 1160 1129
f 1160 1161 1129
f 1129 1161 1130
f 1161 1162 1130
f 1130 1162 1131
f 1162 1163 1131
f 1131 1163 1132
f 1163 1164 1132
f 1132 1164 1133
f 1164 1165 1133
f 1133 1165 1134
f 1165 1166 1134
f 1134 1166 1135
f 1166 1167 1135
f 1135 1167 1136
f 1167 1168 1136
f 1136 1168 1137
f 1168 1169 1137
f 1137 1169 1138
f 1169 1170 1138
f 1138 1170 1139
f 1170 1171 1139
f 1139 1171 1140
f 1171 1172 1140
f 1140 1172 1141
f 1172 1173 1141
f 1141 1173 1142
f 1173 1174 1142
f 1142 1174 1143
f 1174 1175 1143
f 1143 1175 1144
f 1175 1176 1144
f 1144 1176 1145
f 1176 1177 1145
f 1145 1177 1146
f 1177 1178 1146
f 1146 1178 1147
f 1178 1179 1147
f 1147 1179 1148
f 1179 1180 1148
f 1148 1180 1149
f 1180 1181 1149
f 1149 1181 1150
f 1181 1182 1150
f 1150 1182 1151
f 1182 1183 1151
f 1151 1183 1152
f 1183 1184 1152
f 1152 1184 1121
f 1184 1153 1121
f 1153 1185 1154
f 1185 1186 1154
f 1154 1186 1155
f 1186 1187 1155
f 1155 1187 1156
f 1187 1188 1156
f 1156 1188 1157
f 1188 1189 1157
f 1157 1189 1158
f 1189 1190 1158
f 1158 1190 1159
f 1190 1191 1159
f 1159 1191 1160
f 1191 1192 1160
f 1160 1192 1161
f 1192 1193 1161
f 1161 1193 1162
f 1193 1194 1162
f 1162 1194 1163
f 1194 1195 1163
f 1163 1195 1164
f 1195 1196 1164
f 1164 1196 1165
f 1196 1197 1165
f 1165 1197 1166
f 1197 1198 1166
f 1166 1198 1167
f 1198 1199 1167
f 1167 1199 1168
f 1199 1200 1168
f 1168 1200 1169
f 1200 1201 1169
f 1169 1201 1170
f 1201 1202 1170
f 1170 1202 1171
f 1202 1203 1171
f 1171 1203 1172
f 1203 1204 1172
f 1172 1204 1173
f 1204 1205 1173
f 1173 1205 1174
f 1205 1206 1174
f 1174 1206 1175
f 1206 1207 1175
f 1175 1207 1176
f 1207 1208 1176
f 1176 1208 1177
f 1208 1209 1177
f 1177 1209 1178
f 1209 1210 1178
f 1178 1210 1179
f 1210 1211 1179
f 1179 1211 1180
f 1211 1212 1180
f 1180 1212 1181
f 1212 1213 1181
f 1181 1213 1182
f 1213 1214 1182
f 1182 1214 1183
f 1214 1215 1183
f 1183 1215 1184
f 1215 1216 1184
f 1184 1216 1153
f 1216 1185 1153
f 1185 1217 1186
f 1217 1218 1186
f 1186 1218 1187
f 1218 1219 1187
f 1187 1219 1188
f 1219 1220 1188
f 1188 1220 1189
f 1220 1221 1189
f 1189 1221 1190
f 1221 1222 1190
f 1190 1222 1191
f 1222 1223 1191
f 1191 1223 1192
f 1223 1224 1192
f 1192 1224 1193
f 1224 1225 1193
f 1193 1225 1194
f 1225 1226 1194
f 1194 1226 1195
f 1226 1227 1195
f 1195 1227 1196
f 1227 1228 1196
f 1196 1228 1197
f 1228 1229 1197
f 1197 1229 1198
f 1229 1230 1198
f 1198 1230 1199
f 1230 1231 1199
f 1199 1231 1200
f 1231 1232 1200
f 1200 1232 1201
f 1232 1233 1201
f 1201 1233 1202
f 1233 1234 1202
f 1202 1234 1203
f 1234 1235 1203
f 1203 1235 1204
f 1235 1236 1204
f 1204 1236 1205
f 1236 1237 1205
f 1205 1237 1206
f 1237 1238 1206
f 1206 1238 1207
f 1238 1239 1207
f 1207 1239 1208
f 1239 1240 1208
f 1208 1240 1209
f 1240 1241 1209
f 1209 1241 1210
f 1241 1242 1210
f 1210 1242 1211
f 1242 1243 1211
f 1211 1243 1212
f 1243 1244 1212
f 1212 1244 1213
f 1244 1245 1213
f 1213 1245 1214
f 1245 1246 1214
f 1214 1246 1215
f 1246 1247 1215
f 1215 1247 1216
f 1247 1248 1216
f 1216 1248 1185
f 1248 1217 1185
f 1217 1249 1218
f 1249 1250 1218
f 1218 1250 1219
f 1250 1251 1219
f 1219 1251 1220
f 1251 1252 1220
f 1220 1252 1221
f 1252 1253 1221
f 1221 1253 1222
f 1253 1254 1222
f 1222 1254 1223
f 1254 1255 1223
f 1223 1255 1224
f 1255 1256 1224
f 1224 1256 1225
f 1256 1257 1225
f 1225 1257 1226
f 1257 1258 1226
f 1226 1258 1227
f 1258 1259 1227
f 1227 1259 1228
f 1259 1260 1228
f 1228 1260 1229
f 1260 1261 1229
f 1229 1261 1230
f 1261 1262 1230
f 1230 1262 1231
f 1262 1263 1231
f 1231 1263 1232
f 1263 1264 1232
f 1232 1264 1233
f 1264 1265 1233
f 1233 1265 1234
f 1265 1266 1234
f 1234 1266 1235
f 1266 1267 1235
f 1235 1267 1236
f 1267 1268 1236
f 1236 1268 1237
f 1268 1269 1237
f 1237 1269 1238
f 1269 1270 1238
f 1238 1270 1239
f 1270 1271 1239
f 1239 1271 1240
f 1271 1272 1240
f 1240 1272 1241
f 1272 1273 1241
f 1241 1273 1242
f 1273 1274 1242
f 1242 1274 1243
f 1274 1275 1243
f 1243 1275 1244
f 1275 1276 1244
f 1244 1276 1245
f 1276 1277 1245
f 1245 1277 1246
f 1277 1278 1246
f 1246 1278 1247
f 1278 1279 1247
f 1247 1279 1248
f 1279 1280 1248
f 1248 1280 1217
f 1280 1249 1217
f 1249 1281 1250
f 1281 1282 1250
f 1250 1282 1251
f 1282 1283 1251
f 1251 1283 1252
f 1283 1284 1252
f 1252 1284 1253
f 1284 1285 1253
f 1253 1285 1254
f 1285 1286 1254
f 1254 1286 1255
f 1286 1287 1255
f 1255 1287 1256
f 1287 1288 1256
f 1256 1288 1257
f 1288 1289 1257
f 1257 1289 1258
f 1289 1290 1258
f 1258 1290 1259
f 1290 1291 1259
f 1259 1291 1260
f 1291 1292 1260
f 1260 1292 1261
f 1292 1293 1261
f 1261 1293 1262
f 1293 1294 1262
f 1262 1294 1263
f 1294 1295 1263
f 1263 1295 1264
f 1295 1296 1264
f 1264 1296 1265
f 1296 1297 1265
f 1265 1297 1266
f 1297 1298 1266
f 1266 1298 1267
f 1298 1299 1267
f 1267 1299 1268
f 1299 1300 1268
f 1268 1300 1269
f 1300 1301 1269
f 1269 1301 1270
f 1301 1302 1270
f 1270 1302 1271
f 1302 1303 1271
f 1271 1303 1272
f 1303 1304 1272
f 1272 1304 1273
f 1304 1305 1273
f 1273 1305 1274
f 1305 1306 1274
f 1274 1306 1275
f 1306 1307 1275
f 1275 1307 1276
f 1307 1308 1276
f 1276 1308 1277
f 1308 1309 1277
f 1277 1309 1278
f 1309 1310 1278
f 1278 1310 1279
f 1310 1311 1279
f 1279 1311 1280
f 1311 1312 1280
f 1280 1312 1249
f 1312 1281 1249
f 1281 1313 1282
f 1313 1314 1282
f 1282 1314 1283
f 1314 1315 1283
f 1283 1315 1284
f 1315 1316 1284
f 1284 1316 1285
f 1316 1317 1285
f 1285 1317 1286
f 1317 1318 1286
f 1286 1318 1287
f 1318 1319 1287
f 1287 1319 1288
f 1319 1320 1288
f 1288 1320 1289
f 1320 1321 1289
f 1289 1321 1290
f 1321 1322 1290
f 1290 1322 1291
f 1322 1323 1291
f 1291 1323 1292
f 1323 1324 1292
f 1292 1324 1293
f 1324 1325 1293
f 1293 1325 1294
f 1325 1326 1294
f 1294 1326 1295
f 1326 1327 1295
f 1295 1327 1296
f 1327 1328 1296
f 1296 1328 1297
f 1328 1329 1297
f 1297 1329 1298
f 1329 1330 1298
f 1298 1330 1299
f 1330 1331 1299
f 1299 1331 1300
f 1331 1332 1300
f 1300 1332 1301
f 1332 1333 1301
f 1301 1333 1302
f 1333 1334 1302
f 1302 1334 1303
f 1334 1335 1303
f 1303 1335 1304
f 1335 1336 1304
f 1304 1336 1305
f 1336 1337 1305
f 1305 1337 1306
f 1337 1338 1306
f 1306 1338 1307
f 1338 1339 1307
f 1307 1339 1308
f 1339 1340 1308
f 1308 1340 1309
f 1340 1341 1309
f 1309 1341 1310
f 1341 1342 1310
f 1310 1342 1311
f 1342 1343 1311
f 1311 1343 1312
f 1343 1344 1312
f 1312 1344 1281
f 1344 1313 1281
f 1313 1345 1314
f 1345 1346 1314
f 1314 1346 1315
f 1346 1347 1315
f 1315 1347 1316
f 1347 1348 1316
f 1316 1348 1317
f 1348 1349 1317
f 1317 1349 1318
f 1349 1350 1318
f 1318 1350 1319
f 1350 1351 1319
f 1319 1351 1320
f 1351 1352 1320
f 1320 1352 1321
f 1352 1353 1321
f 1321 1353 1322
f 1353 1354 1322
f 1322 1354 1323
f 1354 1355 1323
f 1323 1355 1324
f 1355 1356 1324
f 1324 1356 1325
f 1356 1357 1325
f 1325 1357 1326
f 1357 1358 1326
f 1326 1358 1327
f 1358 1359 1327
f 1327 1359 1328
f 1359 1360 1328
f 1328 1360 1329
f 1360 1361 1329
f 1329 1361 1330
f 1361 1362 1330
f 1330 1362 1331
f 1362 1363 1331
f 1331 1363 1332
f 1363 1364 1332
f 1332 1364 1333
f 1364 1365 1333
f 1333 1365 1334
f 1365 1366 1334
f 1334 1366 1335
f 1366 1367 1335
f 1335 1367 1336
f 1367 1368 1336
f 1336 1368 1337
f 1368 1369 1337
f 1337 1369 1338
f 1369 1370 1338
f 1338 1370 1339
f 1370 1371 1339
f 1339 1371 1340
f 1371 1372 1340
f 1340 1372 1341
f 1372 1373 1341
f 1341 1373 1342
f 1373 1374 1342
f 1342 1374 1343
f 1374 1375 1343
f 1343 1375 1344
f 1375 1376 1344
f 1344 1376 1313
f 1376 1345 1313
f 1345 1377 1346
f 1377 1378 1346
f 1346 1378 1347
f 1378 1379 1347
f 1347 1379 1348
f 1379 1380 1348
f 1348 1380 1349
f 1380 1381 1349
f 1349 1381 1350
f 1381 1382 1350
f 1350 1382 1351
f 1382 1383 1351
f 1351 1383 1352
f 1383 1384 1352
f 1352 1384 1353
f 1384 1385 1353
f 1353 1385 1354
f 1385 1386 1354
f 1354 1386 1355
f 1386 1387 1355
f 1355 1387 1356
f 1387 1388 1356
f 1356 1388 1357
f 1388 1389 1357
f 1357 1389 1358
f 1389 1390 1358
f 1358 1390 1359
f 1390 1391 1359
f 1359 1391 1360
f 1391 1392 1360
f 1360 1392 1361
f 1392 1393 1361
f 1361 1393 1362
f 1393 1394 1362
f 1362 1394 1363
f 1394 1395 1363
f 1363 1395 1364
f 1395 1396 1364
f 1364 1396 1365
f 1396 1397 1365
f 1365 1397 1366
f 1397 1398 1366
f 1366 1398 1367
f 1398 1399 1367
f 1367 1399 1368
f 1399 1400 1368
f 1368 1400 1369
f 1400 1401 1369
f 1369 1401 1370
f 1401 1402 1370
f 1370 1402 1371
f 1402 1403 1371
f 1371 1403 1372
f 1403 1404 1372
f 1372 1404 1373
f 1404 1405 1373
f 1373 1405 1374
f 1405 1406 1374
f 1374 1406 1375
f 1406 1407 1375
f 1375 1407 1376
f 1407 1408 1376
f 1376 1408 1345
f 1408 1377 1345
f 1377 1409 1378
f 1409 1410 1378
f 1378 1410 1379
f 1410 1411 1379
f 1379 1411 1380
f 1411 1412 1380
f 1380 1412 1381
f 1412 1413 1381
f 1381 1413 1382
f 1413 1414 1382
f 1382 1414 1383
f 1414 1415 1383
f 1383 1415 1384
f 1415 1416 1384
f 1384 1416 1385
f 1416 1417 1385
f 1385 1417 1386
f 1417 1418 1386
f 1386 1418 1387
f 1418 1419 1387
f 1387 1419 1388
f 1419 1420 1388
f 1388 1420 1389
f 1420 1421 1389
f 1389 1421 1390
f 1421 1422 1390
f 1390 1422 1391
f 1422 1423 1391
f 1391 1423 1392
f 1423 1424 1392
f 1392 1424 1393
f 1424 1425 1393
f 1393 1425 1394
f 1425 1426 1394
f 1394 1426 1395
f 1426 1427 1395
f 1395 1427 1396
f 1427 1428 1396
f 1396 1428 1397
f 1428 1429 1397
f 1397 1429 1398
f 1429 1430 1398
f 1398 1430 1399
f 1430 1431 1399
f 1399 1431 1400
f 1431 1432 1400
f 1400 1432 1401
f 1432 1433 1401
f 1401 1433 1402
f 1433 1434 1402
f 1402 1434 1403
f 1434 1435 1403
f 1403 1435 1404
f 1435 1436 1404
f 1404 1436 1405
f 1436 1437 1405
f 1405 1437 1406
f 1437 1438 1406
f 1406 1438 1407
f 1438 1439 1407
f 1407 1439 1408
f 1439 1440 1408
f 1408 1440 1377
f 1440 1409 1377
f 1409 1441 1410
f 1441 1442 1410
f 1410 1442 1411
f 1442 1443 1411
f 1411 1443 1412
f 1443 1444 1412
f 1412 1444 1413
f 1444 1445 1413
f 1413 1445 1414
f 1445 1446 1414
f 1414 1446 1415
f 1446 1447 1415
f 1415 1447 1416
f 1447 1448 1416
f 1416 1448 1417
f 1448 1449 1417
f 1417 1449 1418
f 1449 1450 1418
f 1418 1450 1419
f 1450 1451 1419
f 1419 1451 1420
f 1451 1452 1420
f 1420 1452 1421
f 1452 1453 1421
f 1421 1453 1422
f 1453 1454 1422
f 1422 1454 1423
f 1454 1455 1423
f 1423 1455 1424
f 1455 1456 1424
f 1424 1456 1425
f 1456 1457 1425
f 1425 1457 1426
f 1457 1458 1426
f 1426 1458 1427
f 1458 1459 1427
f 1427 1459 1428
f 1459 1460 1428
f 1428 1460 1429
f 1460 1461 1429
f 1429 1461 1430
f 1461 1462 1430
f 1430 1462 1431
f 1462 1463 1431
f 1431 1463 1432
f 1463 1464 1432
f 1432 1464 1433
f 1464 1465 1433
f 1433 1465 1434
f 1465 1466 1434
f 1434 1466 1435
f 1466 1467 1435
f 1435 1467 1436
f 1467 1468 1436
f 1436 1468 1437
f 1468 1469 1437
f 1437 1469 1438
f 1469 1470 1438
f 1438 1470 1439
f 1470 1471 1439
f 1439 1471 1440
f 1471 1472 1440
f 1440 1472 1409
f 1472 1441 1409
f 1441 1473 1442
f 1473 1474 1442
f 1442 1474 1443
f 1474 1475 1443
f 1443 1475 1444
f 1475 1476 1444
f 1444 1476 1445
f 1476 1477 1445
f 1445 1477 1446
f 1477 1478 1446
f 1446 1478 1447
f 1478 1479 1447
f 1447 1479 1448
f 1479 1480 1448
f 1448 1480 1449
f 1480 1481 1449
f 1449 1481 1450
f 1481 1482 1450
f 1450 1482 1451
f 1482 1483 1451
f 1451 1483 1452
f 1483 1484 1452
f 1452 1484 1453
f 1484 1485 1453
f 1453 1485 1454
f 1485 1486 1454
f 1454 1486 1455
f 1486 1487 1455
f 1455 1487 1456
f 1487 1488 1456
f 1456 1488 1457
f 1488 1489 1457
f 1457 1489 1458
f 1489 1490 1458
f 1458 1490 1459
f 1490 1491 1459
f 1459 1491 1460
f 1491 1492 1460
f 1460 1492 1461
f 1492 1493 1461
f 1461 1493 1462
f 1493 1494 1462
f 1462 1494 1463
f 1494 1495 1463
f 1463 1495 1464
f 1495 1496 1464
f 1464 1496 1465
f 1496 1497 1465
f 1465 1497 1466
f 1497 1498 1466
f 1466 1498 1467
f 1498 1499 1467
f 1467 1499 1468
f 1499 1500 1468
f 1468 1500 1469
f 1500 1501 1469
f 1469 1501 1470
f 1501 1502 1470
f 1470 1502 1471
f 1502 1503 1471
f 1471 1503 1472
f 1503 1504 1472
f 1472 1504 1441
f 1504 1473 1441
f 1473 1505 1474
f 1505 1506 1474
f 1474 1506 1475
f 1506 1507 1475
f 1475 1507 1476
f 1507 1508 1476
f 1476 1508 1477
f 1508 1509 1477
f 1477 1509 1478
f 1509 1510 1478
f 1478 1510 1479
f 1510 1511 1479
f 1479 1511 1480
f 1511 1512 1480
f 1480 1512 1481
f 1512 1513 1481
f 1481 1513 1482
f 1513 1514 1482
f 1482 1514 1483
f 1514 1515 1483
f 1483 1515 1484
f 1515 1516 1484
f 1484 1516 1485
f 1516 1517 1485
f 1485 1517 1486
f 1517 1518 1486
f 1486 1518 1487
f 1518 1519 1487
f 1487 1519 1488
f 1519 1520 1488
f 1488 1520 1489
f 1520 1521 1489
f 1489 1521 1490
f 1521 1522 1490
f 1490 1522 1491
f 1522 1523 1491
f 1491 1523 1492
f 1523 1524 1492
f 1492 1524 1493
f 1524 1525 1493
f 1493 1525 1494
f 1525 1526 1494
f 1494 1526 1495
f 1526 1527 1495
f 1495 1527 1496
f 1527 1528 1496
f 1496 1528 1497
f 1528 1529 1497
f 1497 1529 1498
f 1529 1530 1498
f 1498 1530 1499
f 1530 1531 1499
f 1499 1531 1500
f 1531 1532 1500
f 1500 1532 1501
f 1532 1533 1501
f 1501 1533 1502
f 1533 1534 1502
f 1502 1534 1503
f 1534 1535 1503
f 1503 1535 1504
f 1535 1536 1504
f 1504 1536 1473
f 1536 1505 1473
f 1505 1537 1506
f 1537 1538 1506
f 1506 1538 1507
f 1538 1539 1507
f 1507 1539 1508
f 1539 1540 1508
f 1508 1540 1509
f 1540 1541 1509
f 1509 1541 1510
f 1541 1542 1510
f 1510 1542 1511
f 1542 1543 1511
f 1511 1543 1512
f 1543 1544 1512
f 1512 1544 1513
f 1544 1545 1513
f 1513 1545 1514
f 1545 1546 1514
f 1514 1546 1515
f 1546 1547 1515
f 1515 1547 1516
f 1547 1548 1516
f 1516 1548 1517
f 1548 1549 1517
f 1517 1549 1518
f 1549 1550 1518
f 1518 1550 1519
f 1550 1551 1519
f 1519 1551 1520
f 1551 1552 1520
f 1520 1552 1521
f 1552 1553 1521
f 1521 1553 1522
f 1553 1554 1522
f 1522 1554 1523
f 1554 1555 1523
f 1523 1555 1524
f 1555 1556 1524
f 1524 1556 1525
f 1556 1557 1525
f 1525 1557 1526
f 1557 1558 1526
f 1526 1558 1527
f 1558 1559 1527
f 1527 1559 1528
f 1559 1560 1528
f 1528 1560 1529
f 1560 1561 1529
f 1529 1561 1530
f 1561 1562 1530
f 1530 1562 1531
f 1562 1563 1531
f 1531 1563 1532
f 1563 1564 1532
f 1532 1564 1533
f 1564 1565 1533
f 1533 1565 1534
f 1565 1566 1534
f 1534 1566 1535
f 1566 1567 1535
f 1535 1567 1536
f 1567 1568 1536
f 1536 1568 1505
f 1568 1537 1505
f 1537 1569 1538
f 1569 1570 1538
f 1538 1570 1539
f 1570 1571 1539
f 1539 1571 1540
f 1571 1572 1540
f 1540 1572 1541
f 1572 1573 1541
f 1541 1573 1542
f 1573 1574 1542
f 1542 1574 1543
f 1574 1575 1543
f 1543 1575 1544
f 1575 1576 1544
f 1544 1576 1545
f 1576 1577 1545
f 1545 1577 1546
f 1577 1578 1546
f 1546 1578 1547
f 1578 1579 1547
f 1547 1579 1548
f 1579 1580 1548
f 1548 1580 1549
f 1580 1581 1549
f 1549 1581 1550
f 1581 1582 1550
f 1550 1582 1551
f 1582 1583 1551
f 1551 1583 1552
f 1583 1584 1552
f 1552 1584 1553
f 1584 1585 1553
f 1553 1585 1554
f 1585 1586 1554
f 1554 1586 1555
f 1586 1587 1555
f 1555 1587 1556
f 1587 1588 1556
f 1556 1588 1557
f 1588 1589 1557
f 1557 1589 1558
f 1589 1590 1558
f 1558 1590 1559
f 1590 1591 1559
f 1559 1591 1560
f 1591 1592 1560
f 1560 1592 1561
f 1592 1593 1561
f 1561 1593 1562
f 1593 1594 1562
f 1562 1594 1563
f 1594 1595 1563
f 1563 1595 1564
f 1595 1596 1564
f 1564 1596 1565
f 1596 1597 1565
f 1565 1597 1566
f 1597 1598 1566
f 1566 1598 1567
f 1598 1599 1567
f 1567 1599 1568
f 1599 1600 1568
f 1568 1600 1537
f 1600 1569 1537
f 1569 1601 1570
f 1601 1602 1570
f 1570 1602 1571
f 1602 1603 1571
f 1571 1603 1572
f 1603 1604 1572
f 1572 1604 1573
f 1604 1605 1573
f 1573 1605 1574
f 1605 1606 1574
f 1574 1606 1575
f 1606 1607 1575
f 1575 1607 1576
f 1607 1608 1576
f 1576 1608 1577
f 1608 1609 1577
f 1577 1609 1578
f 1609 1610 1578
f 1578 1610 1579
f 1610 1611 1579
f 1579 1611 1580
f 1611 1612 1580
f 1580 1612 1581
f 1612 1613 1581
f 1581 1613 1582
f 1613 1614 1582
f 1582 1614 1583
f 1614 1615 1583
f 1583 1615 1584
f 1615 1616 1584
f 1584 1616 1585
f 1616 1617 1585
f 1585 1617 1586
f 1617 1618 1586
f 1586 1618 1587
f 1618 1619 1587
f 1587 1619 1588
f 1619 1620 1588
f 1588 1620 1589
f 1620 1621 1589
f 1589 1621 1590
f 1621 1622 1590
f 1590 1622 1591
f 1622 1623 1591
f 1591 1623 1592
f 1623 1624 1592
f 1592 1624 1593
f 1624 1625 1593
f 1593 1625 1594
f 1625 1626 1594
f 1594 1626 1595
f 1626 1627 1595
f 1595 1627 1596
f 1627 1628 1596
f 1596 1628 1597
f 1628 1629 1597
f 1597 1629 1598
f 1629 1630 1598
f 1598 1630 1599
f 1630 1631 1599
f 1599 1631 1600
f 1631 1632 1600
f 1600 1632 1569
f 1632 1601 1569
f 1601 1633 1602
f 1633 1634 1602
f 1602 1634 1603
f 1634 1635 1603
f 1603 1635 1604
f 1635 1636 1604
f 1604 1636 1605
f 1636 1637 1605
f 1605 1637 1606
f 1637 1638 1606
f 1606 1638 1607
f 1638 1639 1607
f 1607 1639 1608
f 1639 1640 1608
f 1608 1640 1609
f 1640 1641 1609
f 1609 1641 1610
f 1641 1642 1610
f 1610 1642 1611
f 1642 1643 1611
f 1611 1643 1612
f 1643 1644 1612
f 1612 1644 1613
f 1644 1645 1613
f 1613 1645 1614
f 1645 1646 1614
f 1614 1646 1615
f 1646 1647 1615
f 1615 1647 1616
f 1647 1648 1616
f 1616 1648 1617
f 1648 1649 1617
f 1617 1649 1618
f 1649 1650 1618
f 1618 1650 1619
f 1650 1651 1619
f 1619 1651 1620
f 1651 1652 1620
f 1620 1652 1621
f 1652 1653 1621
f 1621 1653 1622
f 1653 1654 1622
f 1622 1654 1623
f 1654 1655 1623
f 1623 1655 1624
f 1655 1656 1624
f 1624 1656 1625
f 1656 1657 1625
f 1625 1657 1626
f 1657 1658 1626
f 1626 1658 1627
f 1658 1659 1627
f 1627 1659 1628
f 1659 1660 1628
f 1628 1660 1629
f 1660 1661 1629
f 1629 1661 1630
f 1661 1662 1630
f 1630 1662 1631
f 1662 1663 1631
f 1631 1663 1632
f 1663 1664 1632
f 1632 1664 1601
f 1664 1633 1601
f 1633 1665 1634
f 1665 1666 1634
f 1634 1666 1635
f 1666 1667 1635
f 1635 1667 1636
f 1667 1668 1636
f 1636 1668 1637
f 1668 1669 1637
f 1637 1669 1638
f 1669 1670 1638
f 1638 1670 1639
f 1670 1671 1639
f 1639 1671 1640
f 1671 1672 1640
f 1640 1672 1641
f 1672 1673 1641
f 1641 1673 1642
f 1673 1674 1642
f 1642 1674 1643
f 1674 1675 1643
f 1643 1675 1644
f 1675 1676 1644
f 1644 1676 1645
f 1676 1677 1645
f 1645 1677 1646
f 1677 1678 1646
f 1646 1678 1647
f 1678 1679 1647
f 1647 1679 1648
f 1679 1680 1648
f 1648 1680 1649
f 1680 1681 1649
f 1649 1681 1650
f 1681 1682 1650
f 1650 1682 1651
f 1682 1683 1651
f 1651 1683 1652
f 1683 1684 1652
f 1652 1684 1653
f 1684 1685 1653
f 1653 1685 1654
f 1685 1686 1654
f 1654 1686 1655
f 1686 1687 1655
f 1655 1687 1656
f 1687 1688 1656
f 1656 1688 1657
f 1688 1689 1657
f 1657 1689 1658
f 1689 1690 1658
f 1658 1690 1659
f 1690 1691 1659
f 1659 1691 1660
f 1691 1692 1660
f 1660 1692 1661
f 1692 1693 1661
f 1661 1693 1662
f 1693 1694 1662
f 1662 1694 1663
f 1694 1695 1663
f 1663 1695 1664
f 1695 1696 1664
f 1664 1696 1633
f 1696 1665 1633
f 1665 1697 1666
f 1697 1698 1666
f 1666 1698 1667
f 1698 1699 1667
f 1667 1699 1668
f 1699 1700 1668
f 1668 1700 1669
f 1700 1701 1669
f 1669 1701 1670
f 1701 1702 1670
f 1670 1702 1671
f 1702 1703 1671
f 1671 1703 1672
f 1703 1704 1672
f 1672 1704 1673
f 1704 1705 1673
f 1673 1705 1674
f 1705 1706 1674
f 1674 1706 1675
f 1706 1707 1675
f 1675 1707 1676
f 1707 1708 1676
f 1676 1708 1677
f 1708 1709 1677
f 1677 1709 1678
f 1709 1710 1678
f 1678 1710 1679
f 1710 1711 1679
f 1679 1711 1680
f 1711 1712 1680
f 1680 1712 1681
f 1712 1713 1681
f 1681 1713 1682
f 1713 1714 1682
f 1682 1714 1683
f 1714 1715 1683
f 1683 1715 1684
f 1715 1716 1684
f 1684 1716 1685
f 1716 1717 1685
f 1685 1717 1686
f 1717 1718 1686
f 1686 1718 1687
f 1718 1719 1687
f 1687 1719 1688
f 1719 1720 1688
f 1688 1720 1689
f 1720 1721 1689
f 1689 1721 1690
f 1721 1722 1690
f 1690 1722 1691
f 1722 1723 1691
f 1691 1723 1692
f 1723 1724 1692
f 1692 1724 1693
f 1724 1725 1693
f 1693 1725 1694
f 1725 1726 1694
f 1694 1726 1695
f 1726 1727 1695
f 1695 1727 1696
f 1727 1728 1696
f 1696 1728 1665
f 1728 1697 1665
f 1697 1729 1698
f 1729 1730 1698
f 1698 1730 1699
f 1730 1731 1699
f 1699 1731 1700
f 1731 1732 1700
f 1700 1732 1701
f 1732 1733 1701
f 1701 1733 1702
f 1733 1734 1702
f 1702 1734 1703
f 1734 1735 1703
f 1703 1735 1704
f 1735 1736 1704
f 1704 1736 1705
f 1736 1737 1705
f 1705 1737 1706
f 1737 1738 1706
f 1706 1738 1707
f 1738 1739 1707
f 1707 1739 1708
f 1739 1740 1708
f 1708 1740 1709
f 1740 1741 1709
f 1709 1741 1710
f 1741 1742 1710
f 1710 1742 1711
f 1742 1743 1711
f 1711 1743 1712
f 1743 1744 1712
f 1712 1744 1713
f 1744 1745 1713
f 1713 1745 1714
f 1745 1746 1714
f 1714 1746 1715
f 1746 1747 1715
f 1715 1747 1716
f 1747 1748 1716
f 1716 1748 1717
f 1748 1749 1717
f 1717 1749 1718
f 1749 1750 1718
f 1718 1750 1719
f 1750 1751 1719
f 1719 1751 1720
f 1751 1752 1720
f 1720 1752 1721
f 1752 1753 1721
f 1721 1753 1722
f 1753 1754 1722
f 1722 1754 1723
f 1754 1755 1723
f 1723 1755 1724
f 1755 1756 1724
f 1724 1756 1725
f 1756 1757 1725
f 1725 1757 1726
f 1757 1758 1726
f 1726 1758 1727
f 1758 1759 1727
f 1727 1759 1728
f 1759 1760 1728
f 1728 1760 1697
f 1760 1729 1697
f 1729 1761 1730
f 1761 1762 1730
f 1730 1762 1731
f 1762 1763 1731
f 1731 1763 1732
f 1763 1764 1732
f 1732 1764 1733
f 1764 1765 1733
f 1733 1765 1734
f 1765 1766 1734
f 1734 1766 1735
f 1766 1767 1735
f 1735 1767 1736
f 1767 1768 1736
f 1736 1768 1737
f 1768 1769 1737
f 1737 1769 1738
f 1769 1770 1738
f 1738 1770 1739
f 1770 1771 1739
f 1739 1771 1740
f 1771 1772 1740
f 1740 1772 1741
f 1772 1773 1741
f 1741 1773 1742
f 1773 1774 1742
f 1742 1774 1743
f 1774 1775 1743
f 1743 1775 1744
f 1775 1776 1744
f 1744 1776 1745
f 1776 1777 1745
f 1745 1777 1746
f 1777 1778 1746
f 1746 1778 1747
f 1778 1779 1747
f 1747 1779 1748
f 1779 1780 1748
f 1748 1780 1749
f 1780 1781 1749
f 1749 1781 1750
f 1781 1782 1750
f 1750 1782 1751
f 1782 1783 1751
f 1751 1783 1752
f 1783 1784 1752
f 1752 1784 1753
f 1784 1785 1753
f 1753 1785 1754
f 1785 1786 1754
f 1754 1786 1755
f 1786 1787 1755
f 1755 1787 1756
f 1787 1788 1756
f 1756 1788 1757
f 1788 1789 1757
f 1757 1789 1758
f 1789 1790 1758
f 1758 1790 1759
f 1790 1791 1759
f 1759 1791 1760
f 1791 1792 1760
f 1760 1792 1729
f 1792 1761 1729
f 1761 1793 1762
f 1793 1794 1762
f 1762 1794 1763
f 1794 1795 1763
f 1763 1795 1764
f 1795 1796 1764
f 1764 1796 1765
f 1796 1797 1765
f 1765 1797 1766
f 1797 1798 1766
f 1766 1798 1767
f 1798 1799 1767
f 1767 1799 1768
f 1799 1800 1768
f 1768 1800 1769
f 1800 1801 1769
f 1769 1801 1770
f 1801 1802 1770
f 1770 1802 1771
f 1802 1803 1771
f 1771 1803 1772
f 1803 1804 1772
f 1772 1804 1773
f 1804 1805 1773
f 1773 1805 1774
f 1805 1806 1774
f 1774 1806 1775
f 1806 1807 1775
f 1775 1807 1776
f 1807 1808 1776
f 1776 1808 1777
f 1808 1809 1777
f 1777 1809 1778
f 1809 1810 1778
f 1778 1810 1779
f 1810 1811 1779
f 1779 1811 1780
f 1811 1812 1780
f 1780 1812 1781
f 1812 1813 1781
f 1781 1813 1782
f 1813 1814 1782
f 1782 1814 1783
f 1814 1815 1783
f 1783 1815 1784
f 1815 1816 1784
f 1784 1816 1785
f 1816 1817 1785
f 1785 1817 1786
f 1817 1818 1786
f 1786 1818 1787
f 1818 1819 1787
f 1787 1819 1788
f 1819 1820 1788
f 1788 1820 1789
f 1820 1821 1789
f 1789 1821 1790
f 1821 1822 1790
f 1790 1822 1791
f 1822 1823 1791
f 1791 1823 1792
f 1823 1824 1792
f 1792 1824 1761
f 1824 1793 1761
f 1793 1825 1794
f 1825 1826 1794
f 1794 1826 1795
f 1826 1827 1795
f 1795 1827 1796
f 1827 1828 1796
f 1796 1828 1797
f 1828 1829 1797
f 1797 1829 1798
f 1829 1830 1798
f 1798 1830 1799
f 1830 1831 1799
f 1799 1831 1800
f 1831 1832 1800
f 1800 1832 1801
f 1832 1833 1801
f 1801 1833 1802
f 1833 1834 1802
f 1802 1834 1803
f 1834 1835 1803
f 1803 1835 1804
f 1835 1836 1804
f 1804 1836 1805
f 1836 1837 1805
f 1805 1837 1806
f 1837 1838 1806
f 1806 1838 1807
f 1838 1839 1807
f 1807 1839 1808
f 1839 1840 1808
f 1808 1840 1809
f 1840 1841 1809
f 1809 1841 1810
f 1841 1842 1810
f 1810 1842 1811
f 1842 1843 1811
f 1811 1843 1812
f 1843 1844 1812
f 1812 1844 1813
f 1844 1845 1813
f 1813 1845 1814
f 1845 1846 1814
f 1814 1846 1815
f 1846 1847 1815
f 1815 1847 1816
f 1847 1848 1816
f 1816 1848 1817
f 1848 1849 1817
f 1817 1849 1818
f 1849 1850 1818
f 1818 1850 1819
f 1850 1851 1819
f 1819 1851 1820
f 1851 1852 1820
f 1820 1852 1821
f 1852 1853 1821
f 1821 1853 1822
f 1853 1854 1822
f 1822 1854 1823
f 1854 1855 1823
f 1823 1855 1824
f 1855 1856 1824
f 1824 1856 1793
f 1856 1825 1793
f 1825 1857 1826
f 1857 1858 1826
f 1826 1858 1827
f 1858 1859 1827
f 1827 1859 1828
f 1859 1860 1828
f 1828 1860 1829
f 1860 1861 1829
f 1829 1861 1830
f 1861 1862 1830
f 1830 1862 1831
f 1862 1863 1831
f 1831 1863 1832
f 1863 1864 1832
f 1832 1864 1833
f 1864 1865 1833
f 1833 1865 1834
f 1865 1866 1834
f 1834 1866 1835
f 1866 1867 1835
f 1835 1867 1836
f 1867 1868 1836
f 1836 1868 1837
f 1868 1869 1837
f 1837 1869 1838
f 1869 1870 1838
f 1838 1870 1839
f 1870 1871 1839
f 1839 1871 1840
f 1871 1872 1840
f 1840 1872 1841
f 1872 1873 1841
f 1841 1873 1842
f 1873 1874 1842
f 1842 1874 1843
f 1874 1875 1843
f 1843 1875 1844
f 1875 1876 1844
f 1844 1876 1845
f 1876 1877 1845
f 1845 1877 1846
f 1877 1878 1846
f 1846 1878 1847
f 1878 1879 1847
f 1847 1879 1848
f 1879 1880 1848
f 1848 1880 1849
f 1880 1881 1849
f 1849 1881 1850
f 1881 1882 1850
f 1850 1882 1851
f 1882 1883 1851
f 1851 1883 1852
f 1883 1884 1852
f 1852 1884 1853
f 1884 1885 1853
f 1853 1885 1854
f 1885 1886 1854
f 1854 1886 1855
f 1886 1887 1855
f 1855 1887 1856
f 1887 1888 1856
f 1856 1888 1825
f 1888 1857 1825
f 1857 1889 1858
f 1889 1890 1858
f 1858 1890 1859
f 1890 1891 1859
f 1859 1891 1860
f 1891 1892 1860
f 1860 1892 1861
f 1892 1893 1861
f 1861 1893 1862
f 1893 1894 1862
f 1862 1894 1863
f 1894 1895 1863
f 1863 1895 1864
f 1895 1896 1864
f 1864 1896 1865
f 1896 1897 1865
f 1865 1897 1866
f 1897 1898 1866
f 1866 1898 1867
f 1898 1899 1867
f 1867 1899 1868
f 1899 1900 1868
f 1868 1900 1869
f 1900 1901 1869
f 1869 1901 1870
f 1901 1902 1870
f 1870 1902 1871
f 1902 1903 1871
f 1871 1903 1872
f 1903 1904 1872
f 1872 1904 1873
f 1904 1905 1873
f 1873 1905 1874
f 1905 1906 1874
f 1874 1906 1875
f 1906 1907 1875
f 1875 1907 1876
f 1907 1908 1876
f 1876 1908 1877
f 1908 1909 1877
f 1877 1909 1878
f 1909 1910 1878
f 1878 1910 1879
f 1910 1911 1879
f 1879 1911 1880
f 1911 1912 1880
f 1880 1912 1881
f 1912 1913 1881
f 1881 1913 1882
f 1913 1914 1882
f 1882 1914 1883
f 1914 1915 1883
f 1883 1915 1884
f 1915 1916 1884
f 1884 1916 1885
f 1916 1917 1885
f 1885 1917 1886
f 1917 1918 1886
f 1886 1918 1887
f 1918 1919 1887
f 1887 1919 1888
f 1919 1920 1888
f 1888 1920 1857
f 1920 1889 1857
f 1889 1921 1890
f 1921 1922 1890
f 1890 1922 1891
f 1922 1923 1891
f 1891 1923 1892
f 1923 1924 1892
f 1892 1924 1893
f 1924 1925 1893
f 1893 1925 1894
f 1925 1926 1894
f 1894 1926 1895
f 1926 1927 1895
f 1895 1927 1896
f 1927 1928 1896
f 1896 1928 1897
f 1928 1929 1897
f 1897 1929 1898
f 1929 1930 1898
f 1898 1930 1899
f 1930 1931 1899
f 1899 1931 1900
f 1931 1932 1900
f 1900 1932 1901
f 1932 1933 1901
f 1901 1933 1902
f 1933 1934 1902
f 1902 1934 1903
f 1934 1935 1903
f 1903 1935 1904
f 1935 1936 1904
f 1904 1936 1905
f 1936 1937 1905
f 1905 1937 1906
f 1937 1938 1906
f 1906 1938 1907
f 1938 1939 1907
f 1907 1939 1908
f 1939 1940 1908
f 1908 1940 1909
f 1940 1941 1909
f 1909 1941 1910
f 1941 1942 1910
f 1910 1942 1911
f 1942 1943 1911
f 1911 1943 1912
f 1943 1944 1912
f 1912 1944 1913
f 1944 1945 1913
f 1913 1945 1914
f 1945 1946 1914
f 1914 1946 1915
f 1946 1947 1915
f 1915 1947 1916
f 1947 1948 1916
f 1916 1948 1917
f 1948 1949 1917
f 1917 1949 1918
f 1949 1950 1918
f 1918 1950 1919
f 1950 1951 1919
f 1919 1951 1920
f 1951 1952 1920
f 1920 1952 1889
f 1952 1921 1889
f 1921 1953 1922
f 1953 1954 1922
f 1922 1954 1923
f 1954 1955 1923
f 1923 1955 1924
f 1955 1956 1924
f 1924 1956 1925
f 1956 1957 1925
f 1925 1957 1926
f 1957 1958 1926
f 1926 1958 1927
f 1958 1959 1927
f 1927 1959 1928
f 1959 1960 1928
f 1928 1960 1929
f 1960 1961 1929
f 1929 1961 1930
f 1961 1962 1930
f 1930 1962 1931
f 1962 1963 1931
f 1931 1963 1932
f 1963 1964 1932
f 1932 1964 1933
f 1964 1965 1933
f 1933 1965 1934
f 1965 1966 1934
f 1934 1966 1935
f 1966 1967 1935
f 1935 1967 1936
f 1967 1968 1936
f 1936 1968 1937
f 1968 1969 1937
f 1937 1969 1938
f 1969 1970 1938
f 1938 1970 1939
f 1970 1971 1939
f 1939 1971 1940
f 1971 1972 1940
f 1940 1972 1941
f 1972 1973 1941
f 1941 1973 1942
f 1973 1974 1942
f 1942 1974 1943
f 1974 1975 1943
f 1943 1975 1944
f 1975 1976 1944
f 1944 1976 1945
f 1976 1977 1945
f 1945 1977 1946
f 1977 1978 1946
f 1946 1978 1947
f 1978 1979 1947
f 1947 1979 1948
f 1979 1980 1948
f 1948 1980 1949
f 1980 1981 1949
f 1949 1981 1950
f 1981 1982 1950
f 1950 1982 1951
f 1982 1983 1951
f 1951 1983 1952
f 1983 1984 1952
f 1952 1984 1921
f 1984 1953 1921
f 1953 1985 1954
f 1985 1986 1954
f 1954 1986 1955
f 1986 1987 1955
f 1955 1987 1956
f 1987 1988 1956
f 1956 1988 1957
f 1988 1989 1957
f 1957 1989 1958
f 1989 1990 1958
f 1958 1990 1959
f 1990 1991 1959
f 1959 1991 1960
f 1991 1992 1960
f 1960 1992 1961
f 1992 1993 1961
f 1961 1993 1962
f 1993 1994 1962
f 1962 1994 1963
f 1994 1995 1963
f 1963 1995 1964
f 1995 1996 1964
f 1964 1996 1965
f 1996 1997 1965
f 1965 1997 1966
f 1997 1998 1966
f 1966 1998 1967
f 1998 1999 1967
f 1967 1999 1968
f 1999 2000 1968
f 1968 2000 1969
f 2000 2001 1969
f 1969 2001 1970
f 2001 2002 1970
f 1970 2002 1971
f 2002 2003 1971
f 1971 2003 1972
f 2003 2004 1972
f 1972 2004 1973
f 2004 2005 1973
f 1973 2005 1974
f 2005 2006 1974
f 1974 2006 1975
f 2006 2007 1975
f 1975 2007 1976
f 2007 2008 1976
f 1976 2008 1977
f 2008 2009 1977
f 1977 2009 1978
f 2009 2010 1978
f 1978 2010 1979
f 2010 2011 1979
f 1979 2011 1980
f 2011 2012 1980
f 1980 2012 1981
f 2012 2013 1981
f 1981 2013 1982
f 2013 2014 1982
f 1982 2014 1983
f 2014 2015 1983
f 1983 2015 1984
f 2015 2016 1984
f 1984 2016 1953
f 2016 1985 1953
f 1985 2017 1986
f 2017 2018 1986
f 1986 2018 1987
f 2018 2019 1987
f 1987 2019 1988
f 2019 2020 1988
f 1988 2020 1989
f 2020 2021 1989
f 1989 2021 1990
f 2021 2022 1990
f 1990 2022 1991
f 2022 2023 1991
f 1991 2023 1992
f 2023 2024 1992
f 1992 2024 1993
f 2024 2025 1993
f 1993 2025 1994
f 2025 2026 1994
f 1994 2026 1995
f 2026 2027 1995
f 1995 2027 1996
f 2027 2028 1996
f 1996 2028 1997
f 2028 2029 1997
f 1997 2029 1998
f 2029 2030 1998
f 1998 2030 1999
f 2030 2031 1999
f 1999 2031 2000
f 2031 2032 2000
f 2000 2032 2001
f 2032 2033 2001
f 2001 2033 2002
f 2033 2034 2002
f 2002 2034 2003
f 2034 2035 2003
f 2003 2035 2004
f 2035 2036 2004
f 2004 2036 2005
f 2036 2037 2005
f 2005 2037 2006
f 2037 2038 2006
f 2006 2038 2007
f 2038 2039 2007
f 2007 2039 2008
f 2039 2040 2008
f 2008 2040 2009
f 2040 2041 2009
f 2009 2041 2010
f 2041 2042 2010
f 2010 2042 2011
f 2042 2043 2011
f 2011 2043 2012
f 2043 2044 2012
f 2012 2044 2013
f 2044 2045 2013
f 2013 2045 2014
f 2045 2046 2014
f 2014 2046 2015
f 2046 2047 2015
f 2015 2047 2016
f 2047 2048 2016
f 2016 2048 1985
f 2048 2017 1985
f 2017 2049 2018
f 2049 2050 2018
f 2018 2050 2019
f 2050 2051 2019
f 2019 2051 2020
f 2051 2052 2020
f 2020 2052 2021
f 2052 2053 2021
f 2021 2053 2022
f 2053 2054 2022
f 2022 2054 2023
f 2054 2055 2023
f 2023 2055 2024
f 2055 2056 2024
f 2024 2056 2025
f 2056 2057 2025
f 2025 2057 2026
f 2057 2058 2026
f 2026 2058 2027
f 2058 2059 2027
f 2027 2059 2028
f 2059 2060 2028
f 2028 2060 2029
f 2060 2061 2029
f 2029 2061 2030
f 2061 2062 2030
f 2030 2062 2031
f 2062 2063 2031
f 2031 2063 2032
f 2063 2064 2032
f 2032 2064 2033
f 2064 2065 2033
f 2033 2065 2034
f 2065 2066 2034
f 2034 2066 2035
f 2066 2067 2035
f 2035 2067 2036
f 2067 2068 2036
f 2036 2068 2037
f 2068 2069 2037
f 2037 2069 2038
f 2069 2070 2038
f 2038 2070 2039
f 2070 2071 2039
f 2039 2071 2040
f 2071 2072 2040
f 2040 2072 2041
f 2072 2073 2041
f 2041 2073 2042
f 2073 2074 2042
f 2042 2074 2043
f 2074 2075 2043
f 2043 2075 2044
f 2075 2076 2044
f 2044 2076 2045
f 2076 2077 2045
f 2045 2077 2046
f 2077 2078 2046
f 2046 2078 2047
f 2078 2079 2047
f 2047 2079 2048
f 2079 2080 2048
f 2048 2080 2017
f 2080 2049 2017
